id,birth,death,parent
1,0,14,0
2,0,16,0
3,15,39,0
4,17,36,0
5,37,63,0
6,40,143,0
7,64,94,0
8,95,164,0
9,144,210,0
10,165,175,0
11,176,184,0
12,178,178,0
13,185,210,11
14,185,324,11
15,211,225,0
16,211,215,9
17,211,212,9
18,216,223,16
19,216,223,16
20,224,226,19
21,224,226,19
22,226,227,0
23,227,453,20
24,227,279,20
25,228,230,0
26,231,234,0
27,235,235,0
28,236,236,0
29,237,242,0
30,243,249,0
31,250,270,0
32,271,271,0
33,272,272,0
34,273,282,0
35,280,280,0
36,281,329,0
37,283,284,0
38,285,291,0
39,292,305,0
40,306,310,0
41,311,314,0
42,315,320,0
43,321,322,0
44,323,340,0
45,325,459,0
46,330,457,0
47,341,364,0
48,365,366,0
49,367,378,0
50,379,383,0
51,384,384,0
52,385,391,0
53,392,441,0
54,442,452,53
55,442,444,53
56,447,448,0
57,450,450,0
58,452,452,0
59,453,467,0
60,454,474,23
61,454,490,23
62,455,494,0
63,458,459,46
64,458,465,46
65,460,461,45
66,460,460,45
67,462,462,65
68,462,466,65
69,466,718,64
70,466,648,64
71,467,468,68
72,467,469,68
73,468,500,0
74,470,537,72
75,470,478,72
76,475,649,0
77,479,737,0
78,491,491,61
79,491,497,61
80,496,508,0
81,498,721,79
82,498,498,79
83,501,568,0
84,509,511,0
85,512,514,0
86,515,518,0
87,519,532,0
88,533,538,0
89,538,658,74
90,538,538,74
91,539,542,0
92,543,566,0
93,567,664,0
94,569,583,0
95,584,593,0
96,594,609,0
97,610,623,0
98,624,624,0
99,625,630,0
100,631,648,0
101,641,641,0
102,649,665,0
103,649,745,70
104,649,649,70
105,650,650,76
106,650,700,76
107,659,710,0
108,665,748,0
109,666,676,0
110,677,685,0
111,686,696,0
112,697,704,0
113,701,842,106
114,701,822,106
115,705,710,0
116,711,711,0
117,711,717,0
118,712,712,0
119,713,725,0
120,718,721,117
121,718,772,117
122,719,724,69
123,719,722,69
124,722,763,120
125,722,789,120
126,725,819,122
127,725,789,122
128,726,737,0
129,738,748,0
130,738,742,77
131,738,740,77
132,743,744,130
133,743,745,130
134,746,750,103
135,746,749,103
136,746,854,133
137,746,746,133
138,747,819,0
139,749,765,0
140,749,754,108
141,749,751,108
142,751,794,134
143,751,824,134
144,755,824,140
145,755,862,140
146,759,774,0
147,764,769,124
148,764,766,124
149,766,774,0
150,770,783,147
151,770,782,147
152,773,827,0
153,775,776,0
154,775,781,0
155,777,777,0
156,778,782,0
157,782,880,0
158,783,785,0
159,784,871,150
160,784,829,150
161,786,798,0
162,790,829,127
163,790,842,127
164,795,828,0
165,799,805,0
166,806,808,0
167,809,822,0
168,820,827,138
169,820,869,138
170,823,826,0
171,823,826,0
172,825,829,144
173,825,844,144
174,827,828,0
175,827,867,0
176,828,861,168
177,828,828,168
178,828,844,0
179,829,831,0
180,829,921,0
181,830,860,0
182,830,845,162
183,830,874,162
184,832,855,0
185,835,835,0
186,843,851,163
187,843,843,163
188,843,882,163
189,845,849,0
190,845,868,178
191,845,911,178
192,850,851,0
193,852,852,192
194,852,852,192
195,853,860,0
196,853,868,0
197,855,861,136
198,855,855,136
199,856,858,0
200,859,860,0
201,861,861,0
202,861,960,195
203,861,903,195
204,862,865,0
205,862,869,176
206,862,866,176
207,863,885,0
208,866,870,0
209,867,867,206
210,867,870,206
211,868,1021,0
212,869,884,196
213,869,869,196
214,869,911,190
215,869,869,190
216,870,870,169
217,870,893,169
218,871,871,0
219,871,881,216
220,871,871,216
221,871,890,0
222,872,874,0
223,872,874,0
224,875,875,0
225,875,887,183
226,875,875,183
227,876,883,0
228,876,887,0
229,878,878,0
230,881,903,0
231,882,890,219
232,882,882,219
233,883,932,188
234,883,883,188
235,884,886,0
236,885,903,212
237,885,885,212
238,886,928,0
239,887,895,0
240,888,909,225
241,888,923,225
242,891,986,231
243,891,917,231
244,894,921,217
245,894,894,217
246,896,897,0
247,898,905,0
248,904,969,203
249,904,984,203
250,904,936,236
251,904,904,236
252,906,911,0
253,910,910,240
254,910,921,240
255,912,915,0
256,912,1003,214
257,912,914,214
258,915,921,0
259,916,931,0
260,918,990,243
261,918,918,243
262,922,1036,0
263,922,932,0
264,922,923,244
265,922,1018,244
266,924,932,264
267,924,951,264
268,929,929,238
269,929,942,238
270,932,936,0
271,933,933,233
272,933,1026,233
273,933,1003,266
274,933,956,266
275,937,937,0
276,937,976,250
277,937,937,250
278,938,962,0
279,939,939,0
280,941,941,0
281,943,944,269
282,943,943,269
283,945,1022,281
284,945,945,281
285,952,952,267
286,952,979,267
287,956,956,0
288,957,957,274
289,957,979,274
290,961,1023,202
291,961,961,202
292,963,975,0
293,967,967,0
294,970,996,248
295,970,970,248
296,972,973,0
297,973,974,0
298,976,977,0
299,976,976,0
300,977,981,276
301,977,977,276
302,978,996,0
303,980,1004,289
304,980,996,289
305,982,990,300
306,982,982,300
307,985,986,249
308,985,986,249
309,987,989,307
310,987,987,307
311,987,988,242
312,987,990,242
313,990,1003,309
314,990,1029,309
315,991,991,305
316,991,997,305
317,991,992,312
318,991,994,312
319,991,996,260
320,991,993,260
321,995,1085,318
322,995,1021,318
323,997,1020,0
324,997,1005,294
325,997,1005,294
326,997,1021,319
327,997,1050,319
328,998,1002,316
329,998,999,316
330,1003,1004,328
331,1003,1003,328
332,1004,1017,273
333,1004,1004,273
334,1004,1109,313
335,1004,1036,313
336,1005,1005,303
337,1005,1009,303
338,1006,1006,336
339,1006,1006,336
340,1006,1009,325
341,1006,1009,325
342,1007,1030,338
343,1007,1008,338
344,1009,1009,343
345,1009,1009,343
346,1010,1013,0
347,1010,1073,0
348,1010,1011,341
349,1010,1010,341
350,1012,1147,348
351,1012,1027,348
352,1014,1038,0
353,1016,1022,0
354,1018,1021,332
355,1018,1022,332
356,1019,1078,265
357,1019,1096,265
358,1022,1081,211
359,1022,1050,211
360,1022,1111,322
361,1022,1025,322
362,1023,1025,353
363,1023,1074,353
364,1023,1030,283
365,1023,1023,283
366,1023,1065,355
367,1023,1066,355
368,1024,1059,290
369,1024,1026,290
370,1026,1026,361
371,1026,1052,361
372,1027,1052,0
373,1027,1028,272
374,1027,1028,272
375,1028,1036,351
376,1028,1074,351
377,1029,1040,374
378,1029,1046,374
379,1030,1094,314
380,1030,1030,314
381,1031,1040,342
382,1031,1041,342
383,1034,1036,0
384,1037,1068,262
385,1037,1044,262
386,1037,1056,335
387,1037,1040,335
388,1039,1044,352
389,1039,1040,352
390,1041,1066,381
391,1041,1059,381
392,1041,1046,387
393,1041,1050,387
394,1042,1090,382
395,1042,1046,382
396,1045,1076,385
397,1045,1071,385
398,1047,1059,395
399,1047,1158,395
400,1047,1056,378
401,1047,1059,378
402,1051,1090,0
403,1051,1062,327
404,1051,1052,327
405,1053,1060,0
406,1053,1062,404
407,1053,1065,404
408,1057,1065,400
409,1057,1105,400
410,1060,1074,391
411,1060,1074,391
412,1060,1114,401
413,1060,1147,401
414,1061,1074,0
415,1063,1084,403
416,1063,1097,403
417,1066,1097,408
418,1066,1090,408
419,1066,1066,407
420,1066,1067,407
421,1067,1071,390
422,1067,1133,390
423,1068,1069,420
424,1068,1068,420
425,1069,1072,384
426,1069,1072,384
427,1070,1102,423
428,1070,1070,423
429,1072,1096,421
430,1072,1079,421
431,1073,1083,425
432,1073,1101,425
433,1074,1135,347
434,1074,1076,347
435,1075,1079,0
436,1075,1099,0
437,1075,1077,0
438,1075,1076,411
439,1075,1081,411
440,1077,1079,396
441,1077,1119,396
442,1078,1079,437
443,1078,1078,437
444,1079,1079,356
445,1079,1122,356
446,1080,1088,0
447,1080,1099,442
448,1080,1108,442
449,1080,1157,430
450,1080,1122,430
451,1080,1080,0
452,1082,1115,439
453,1082,1160,439
454,1084,1091,0
455,1085,1110,0
456,1086,1105,321
457,1086,1086,321
458,1089,1089,0
459,1090,1117,0
460,1091,1091,402
461,1091,1091,402
462,1091,1135,418
463,1091,1096,418
464,1092,1101,460
465,1092,1108,460
466,1095,1095,379
467,1095,1105,379
468,1097,1100,429
469,1097,1098,429
470,1097,1097,463
471,1097,1099,463
472,1097,1097,357
473,1097,1097,357
474,1098,1163,417
475,1098,1105,417
476,1098,1098,416
477,1098,1137,416
478,1100,1108,436
479,1100,1123,436
480,1100,1190,0
481,1101,1201,468
482,1101,1103,468
483,1102,1109,432
484,1102,1135,432
485,1103,1152,0
486,1106,1111,456
487,1106,1127,456
488,1106,1130,409
489,1106,1148,409
490,1109,1117,478
491,1109,1110,478
492,1109,1158,0
493,1110,1110,0
494,1110,1176,0
495,1111,1119,491
496,1111,1114,491
497,1111,1111,455
498,1111,1209,455
499,1112,1319,360
500,1112,1127,360
501,1115,1117,0
502,1115,1130,412
503,1115,1115,412
504,1116,1165,452
505,1116,1116,452
506,1118,1154,0
507,1118,1125,501
508,1118,1123,501
509,1120,1126,495
510,1120,1120,495
511,1120,1123,441
512,1120,1120,441
513,1123,1160,450
514,1123,1139,450
515,1123,1123,450
516,1124,1155,0
517,1124,1125,508
518,1124,1128,508
519,1126,1128,517
520,1126,1126,517
521,1126,1126,0
522,1127,1136,520
523,1127,1132,520
524,1128,1131,487
525,1128,1131,487
526,1129,1136,519
527,1129,1147,519
528,1131,1139,488
529,1131,1144,488
530,1132,1176,525
531,1132,1151,525
532,1133,1139,0
533,1134,1134,422
534,1134,1135,422
535,1136,1144,484
536,1136,1144,484
537,1136,1137,534
538,1136,1158,534
539,1137,1138,522
540,1137,1139,522
541,1138,1138,537
542,1138,1143,537
543,1138,1174,0
544,1139,1156,0
545,1140,1149,0
546,1140,1147,0
547,1140,1144,528
548,1140,1190,528
549,1142,1142,0
550,1144,1150,542
551,1144,1144,542
552,1145,1174,536
553,1145,1158,536
554,1145,1176,529
555,1145,1178,529
556,1148,1149,527
557,1148,1156,527
558,1148,1171,413
559,1148,1176,413
560,1149,1178,0
561,1150,1174,545
562,1150,1165,545
563,1151,1153,550
564,1151,1151,550
565,1152,1229,531
566,1152,1152,531
567,1153,1165,485
568,1153,1153,485
569,1154,1165,563
570,1154,1154,563
571,1155,1167,0
572,1156,1157,0
573,1157,1174,544
574,1157,1166,544
575,1158,1160,449
576,1158,1162,449
577,1158,1158,449
578,1159,1195,492
579,1159,1174,492
580,1159,1159,399
581,1159,1160,399
582,1159,1159,538
583,1159,1178,538
584,1161,1176,453
585,1161,1179,453
586,1161,1176,513
587,1161,1162,513
588,1163,1176,576
589,1163,1165,576
590,1164,1172,474
591,1164,1164,474
592,1166,1166,504
593,1166,1193,504
594,1166,1166,569
595,1166,1176,569
596,1166,1193,0
597,1167,1167,592
598,1167,1181,592
599,1167,1174,594
600,1167,1176,594
601,1168,1175,0
602,1172,1196,0
603,1173,1173,590
604,1173,1218,590
605,1175,1193,0
606,1175,1195,552
607,1175,1179,552
608,1175,1183,599
609,1175,1210,599
610,1175,1175,543
611,1175,1193,543
612,1176,1228,0
613,1176,1218,0
614,1177,1178,588
615,1177,1178,588
616,1177,1181,595
617,1177,1190,595
618,1177,1180,559
619,1177,1178,559
620,1177,1218,494
621,1177,1185,494
622,1179,1180,615
623,1179,1198,615
624,1179,1183,619
625,1179,1181,619
626,1179,1246,583
627,1179,1201,583
628,1180,1209,585
629,1180,1193,585
630,1181,1207,622
631,1181,1200,622
632,1182,1198,0
633,1182,1193,598
634,1182,1189,598
635,1184,1206,624
636,1184,1207,624
637,1186,1210,621
638,1186,1186,621
639,1190,1190,0
640,1191,1205,617
641,1191,1220,617
642,1191,1193,480
643,1191,1193,480
644,1194,1200,605
645,1194,1208,605
646,1194,1255,593
647,1194,1200,593
648,1194,1197,642
649,1194,1197,642
650,1194,1217,611
651,1194,1205,611
652,1196,1208,578
653,1196,1250,578
654,1197,1229,0
655,1198,1228,648
656,1198,1210,648
657,1199,1210,632
658,1199,1199,632
659,1200,1205,658
660,1200,1205,658
661,1201,1223,644
662,1201,1212,644
663,1202,1243,481
664,1202,1222,481
665,1206,1206,640
666,1206,1208,640
667,1206,1207,651
668,1206,1207,651
669,1207,1210,635
670,1207,1212,635
671,1208,1258,630
672,1208,1209,630
673,1208,1208,667
674,1208,1223,667
675,1208,1209,668
676,1208,1209,668
677,1209,1228,0
678,1209,1218,666
679,1209,1209,666
680,1210,1228,628
681,1210,1212,628
682,1210,1247,0
683,1210,1268,675
684,1210,1242,675
685,1210,1216,0
686,1211,1220,609
687,1211,1213,609
688,1211,1242,657
689,1211,1221,657
690,1211,1256,637
691,1211,1296,637
692,1213,1223,662
693,1213,1213,662
694,1213,1213,670
695,1213,1221,670
696,1214,1244,0
697,1214,1218,687
698,1214,1214,687
699,1217,1229,0
700,1218,1222,650
701,1218,1222,650
702,1219,1224,697
703,1219,1229,697
704,1219,1221,620
705,1219,1221,620
706,1219,1267,604
707,1219,1266,604
708,1220,1295,0
709,1221,1235,686
710,1221,1229,686
711,1222,1229,695
712,1222,1229,695
713,1222,1222,705
714,1222,1224,705
715,1223,1224,700
716,1223,1243,700
717,1223,1223,664
718,1223,1223,664
719,1224,1227,692
720,1224,1245,692
721,1224,1242,674
722,1224,1255,674
723,1225,1225,0
724,1225,1228,715
725,1225,1251,715
726,1225,1267,714
727,1225,1291,714
728,1228,1241,0
729,1229,1381,612
730,1229,1236,612
731,1229,1258,0
732,1229,1229,724
733,1229,1229,724
734,1229,1231,655
735,1229,1229,655
736,1230,1236,710
737,1230,1241,710
738,1230,1235,733
739,1230,1243,733
740,1230,1319,712
741,1230,1287,712
742,1230,1338,699
743,1230,1242,699
744,1232,1264,0
745,1236,1248,709
746,1236,1295,709
747,1237,1295,730
748,1237,1287,730
749,1237,1278,0
750,1242,1245,737
751,1242,1251,737
752,1243,1338,688
753,1243,1250,688
754,1243,1261,684
755,1243,1243,684
756,1243,1270,743
757,1243,1254,743
758,1244,1306,716
759,1244,1287,716
760,1245,1279,696
761,1245,1264,696
762,1246,1297,720
763,1246,1264,720
764,1247,1247,626
765,1247,1247,626
766,1248,1257,0
767,1248,1249,764
768,1248,1250,764
769,1249,1257,745
770,1249,1294,745
771,1251,1306,653
772,1251,1278,653
773,1251,1260,753
774,1251,1260,753
775,1251,1252,768
776,1251,1251,768
777,1252,1258,725
778,1252,1278,725
779,1253,1299,775
780,1253,1284,775
781,1255,1255,757
782,1255,1255,757
783,1256,1359,646
784,1256,1284,646
785,1256,1256,722
786,1256,1305,722
787,1256,1256,781
788,1256,1256,781
789,1257,1269,690
790,1257,1258,690
791,1258,1290,766
792,1258,1271,766
793,1258,1258,0
794,1259,1262,671
795,1259,1264,671
796,1259,1271,777
797,1259,1267,777
798,1259,1262,790
799,1259,1259,790
800,1261,1269,773
801,1261,1268,773
802,1262,1266,754
803,1262,1262,754
804,1263,1266,0
805,1265,1290,761
806,1265,1271,761
807,1265,1296,795
808,1265,1318,795
809,1265,1297,0
810,1267,1287,0
811,1267,1427,707
812,1267,1297,707
813,1268,1498,0
814,1268,1287,726
815,1268,1303,726
816,1269,1276,683
817,1269,1276,683
818,1270,1271,0
819,1270,1270,789
820,1270,1346,789
821,1271,1315,756
822,1271,1278,756
823,1271,1278,756
824,1272,1297,0
825,1272,1278,792
826,1272,1294,792
827,1277,1294,816
828,1277,1299,816
829,1279,1298,749
830,1279,1279,749
831,1279,1284,778
832,1279,1292,778
833,1279,1279,0
834,1279,1303,822
835,1279,1322,822
836,1280,1295,830
837,1280,1292,830
838,1285,1336,784
839,1285,1335,784
840,1285,1397,0
841,1288,1294,748
842,1288,1288,748
843,1288,1377,741
844,1288,1296,741
845,1288,1356,814
846,1288,1291,814
847,1291,1293,805
848,1291,1293,805
849,1292,1330,727
850,1292,1292,727
851,1292,1292,846
852,1292,1299,846
853,1293,1298,0
854,1293,1298,0
855,1294,1312,848
856,1294,1341,848
857,1295,1303,770
858,1295,1295,770
859,1295,1297,826
860,1295,1295,826
861,1295,1422,827
862,1295,1295,827
863,1296,1318,747
864,1296,1308,747
865,1296,1300,836
866,1296,1310,836
867,1296,1296,0
868,1296,1296,708
869,1296,1342,708
870,1297,1298,807
871,1297,1297,807
872,1297,1301,844
873,1297,1301,844
874,1298,1304,762
875,1298,1304,762
876,1298,1315,824
877,1298,1306,824
878,1298,1302,812
879,1298,1302,812
880,1298,1299,809
881,1298,1298,809
882,1299,1316,853
883,1299,1305,853
884,1299,1299,0
885,1299,1306,870
886,1299,1299,870
887,1300,1316,0
888,1300,1316,779
889,1300,1347,779
890,1300,1312,828
891,1300,1300,828
892,1300,1305,852
893,1300,1302,852
894,1301,1303,0
895,1302,1306,872
896,1302,1307,872
897,1303,1336,879
898,1303,1303,879
899,1304,1318,0
900,1304,1310,857
901,1304,1304,857
902,1304,1312,834
903,1304,1304,834
904,1304,1335,815
905,1304,1310,815
906,1305,1318,874
907,1305,1317,874
908,1305,1305,0
909,1306,1317,0
910,1306,1318,786
911,1306,1306,786
912,1306,1346,0
913,1307,1318,0
914,1307,1337,0
915,1307,1307,885
916,1307,1319,885
917,1307,1352,877
918,1307,1354,877
919,1308,1308,896
920,1308,1331,896
921,1309,1318,0
922,1311,1312,866
923,1311,1312,866
924,1311,1312,905
925,1311,1311,905
926,1313,1322,922
927,1313,1322,922
928,1313,1325,855
929,1313,1313,855
930,1313,1328,902
931,1313,1330,902
932,1313,1314,924
933,1313,1337,924
934,1316,1316,876
935,1316,1324,876
936,1316,1326,821
937,1316,1316,821
938,1317,1318,882
939,1317,1318,882
940,1317,1334,888
941,1317,1385,888
942,1318,1340,907
943,1318,1336,907
944,1319,1327,863
945,1319,1322,863
946,1319,1322,938
947,1319,1322,938
948,1319,1409,906
949,1319,1322,906
950,1319,1333,808
951,1319,1319,808
952,1319,1327,910
953,1319,1327,910
954,1320,1342,951
955,1320,1337,951
956,1320,1321,499
957,1320,1335,499
958,1322,1324,956
959,1322,1322,956
960,1323,1327,945
961,1323,1327,945
962,1323,1332,946
963,1323,1332,946
964,1323,1333,927
965,1323,1343,927
966,1323,1324,835
967,1323,1334,835
968,1324,1324,0
969,1325,1352,935
970,1325,1335,935
971,1326,1342,928
972,1326,1326,928
973,1327,1327,0
974,1327,1338,936
975,1327,1327,936
976,1328,1335,0
977,1328,1332,944
978,1328,1332,944
979,1328,1343,952
980,1328,1354,952
981,1329,1332,930
982,1329,1329,930
983,1331,1335,849
984,1331,1338,849
985,1332,1343,920
986,1332,1332,920
987,1333,1335,977
988,1333,1336,977
989,1333,1334,962
990,1333,1334,962
991,1333,1341,981
992,1333,1334,981
993,1334,1343,950
994,1334,1342,950
995,1335,1336,989
996,1335,1335,989
997,1335,1345,940
998,1335,1335,940
999,1335,1340,967
1000,1335,1361,967
1001,1336,1348,0
1002,1336,1336,0
1003,1336,1340,839
1004,1336,1364,839
1005,1336,1337,957
1006,1336,1340,957
1007,1336,1336,983
1008,1336,1417,983
1009,1337,1348,1002
1010,1337,1348,1002
1011,1337,1337,0
1012,1337,1338,838
1013,1337,1341,838
1014,1337,1368,0
1015,1337,1340,0
1016,1338,1338,0
1017,1338,1346,914
1018,1338,1343,914
1019,1338,1373,955
1020,1338,1345,955
1021,1339,1366,1012
1022,1339,1353,1012
1023,1339,1424,752
1024,1339,1357,752
1025,1339,1370,974
1026,1339,1359,974
1027,1341,1378,1003
1028,1341,1366,1003
1029,1341,1347,1006
1030,1341,1341,1006
1031,1341,1341,999
1032,1341,1341,999
1033,1342,1343,0
1034,1342,1356,856
1035,1342,1343,856
1036,1342,1356,1031
1037,1342,1343,1031
1038,1343,1343,0
1039,1343,1343,994
1040,1343,1368,994
1041,1343,1366,971
1042,1343,1432,971
1043,1344,1356,1018
1044,1344,1357,1018
1045,1344,1352,979
1046,1344,1370,979
1047,1344,1409,993
1048,1344,1364,993
1049,1344,1355,1035
1050,1344,1344,1035
1051,1345,1352,0
1052,1346,1347,0
1053,1346,1346,1020
1054,1346,1347,1020
1055,1346,1347,997
1056,1346,1346,997
1057,1347,1351,0
1058,1347,1393,820
1059,1347,1351,820
1060,1348,1387,1029
1061,1348,1368,1029
1062,1348,1352,1055
1063,1348,1451,1055
1064,1349,1350,1009
1065,1349,1355,1009
1066,1349,1350,0
1067,1351,1359,1064
1068,1351,1355,1064
1069,1352,1418,1057
1070,1352,1358,1057
1071,1353,1367,969
1072,1353,1353,969
1073,1353,1354,1045
1074,1353,1353,1045
1075,1353,1528,1062
1076,1353,1353,1062
1077,1354,1354,1022
1078,1354,1355,1022
1079,1354,1355,1074
1080,1354,1367,1074
1081,1354,1354,0
1082,1355,1363,1077
1083,1355,1355,1077
1084,1355,1376,918
1085,1355,1385,918
1086,1356,1358,1068
1087,1356,1358,1068
1088,1356,1363,1083
1089,1356,1364,1083
1090,1356,1356,1049
1091,1356,1359,1049
1092,1357,1358,1034
1093,1357,1362,1034
1094,1357,1397,845
1095,1357,1393,845
1096,1358,1366,0
1097,1358,1358,1024
1098,1358,1369,1024
1099,1359,1362,1086
1100,1359,1360,1086
1101,1359,1464,1070
1102,1359,1364,1070
1103,1360,1360,783
1104,1360,1380,783
1105,1360,1360,0
1106,1360,1367,1026
1107,1360,1398,1026
1108,1360,1360,0
1109,1361,1362,1103
1110,1361,1370,1103
1111,1362,1369,0
1112,1362,1375,1000
1113,1362,1362,1000
1114,1363,1392,1099
1115,1363,1370,1099
1116,1363,1373,1093
1117,1363,1366,1093
1118,1364,1368,1082
1119,1364,1368,1082
1120,1365,1393,0
1121,1365,1374,1089
1122,1365,1378,1089
1123,1365,1365,1102
1124,1365,1380,1102
1125,1367,1376,1021
1126,1367,1378,1021
1127,1367,1370,1117
1128,1367,1371,1117
1129,1367,1372,1096
1130,1367,1368,1096
1131,1367,1368,0
1132,1368,1368,1080
1133,1368,1379,1080
1134,1368,1378,1106
1135,1368,1468,1106
1136,1369,1375,1119
1137,1369,1374,1119
1138,1369,1370,1061
1139,1369,1371,1061
1140,1369,1369,1014
1141,1369,1387,1014
1142,1370,1370,0
1143,1371,1393,1115
1144,1371,1376,1115
1145,1371,1387,1138
1146,1371,1379,1138
1147,1371,1379,1046
1148,1371,1379,1046
1149,1371,1372,1025
1150,1371,1372,1025
1151,1372,1406,1139
1152,1372,1379,1139
1153,1373,1419,0
1154,1374,1374,0
1155,1374,1413,1116
1156,1374,1374,1116
1157,1374,1374,1019
1158,1374,1428,1019
1159,1375,1376,1121
1160,1375,1377,1121
1161,1376,1381,1136
1162,1376,1376,1136
1163,1376,1401,1112
1164,1376,1376,1112
1165,1377,1378,1125
1166,1377,1382,1125
1167,1377,1383,1084
1168,1377,1386,1084
1169,1378,1382,843
1170,1378,1383,843
1171,1379,1409,1126
1172,1379,1426,1126
1173,1379,1430,1027
1174,1379,1393,1027
1175,1379,1409,0
1176,1379,1379,1134
1177,1379,1427,1134
1178,1380,1387,1133
1179,1380,1382,1133
1180,1380,1392,1147
1181,1380,1380,1147
1182,1380,1388,1152
1183,1380,1383,1152
1184,1381,1417,1104
1185,1381,1401,1104
1186,1381,1381,0
1187,1382,1393,0
1188,1382,1407,0
1189,1383,1412,1169
1190,1383,1393,1169
1191,1383,1383,1179
1192,1383,1385,1179
1193,1384,1386,1167
1194,1384,1398,1167
1195,1384,1386,1183
1196,1384,1387,1183
1197,1386,1386,1085
1198,1386,1386,1085
1199,1386,1393,941
1200,1386,1386,941
1201,1387,1393,1193
1202,1387,1393,1193
1203,1387,1402,1168
1204,1387,1387,1168
1205,1387,1410,0
1206,1388,1394,1178
1207,1388,1390,1178
1208,1388,1414,1145
1209,1388,1404,1145
1210,1388,1388,1141
1211,1388,1417,1141
1212,1389,1395,0
1213,1389,1399,1182
1214,1389,1427,1182
1215,1393,1393,0
1216,1393,1398,1180
1217,1393,1393,1180
1218,1394,1418,0
1219,1394,1403,1187
1220,1394,1505,1187
1221,1394,1487,0
1222,1394,1403,1174
1223,1394,1401,1174
1224,1394,1408,1190
1225,1394,1402,1190
1226,1394,1420,1058
1227,1394,1394,1058
1228,1394,1396,0
1229,1394,1394,1095
1230,1394,1394,1095
1231,1395,1395,1206
1232,1395,1397,1206
1233,1395,1399,1230
1234,1395,1396,1230
1235,1397,1400,0
1236,1397,1398,1228
1237,1397,1398,1228
1238,1398,1402,1232
1239,1398,1425,1232
1240,1398,1491,1094
1241,1398,1419,1094
1242,1399,1402,1194
1243,1399,1422,1194
1244,1399,1413,1236
1245,1399,1428,1236
1246,1400,1422,1213
1247,1400,1404,1213
1248,1400,1409,1233
1249,1400,1409,1233
1250,1402,1403,1185
1251,1402,1409,1185
1252,1402,1416,1163
1253,1402,1402,1163
1254,1403,1409,1242
1255,1403,1416,1242
1256,1403,1408,0
1257,1403,1439,1238
1258,1403,1410,1238
1259,1404,1438,0
1260,1404,1410,1250
1261,1404,1408,1250
1262,1405,1406,0
1263,1405,1448,1247
1264,1405,1537,1247
1265,1407,1409,0
1266,1408,1464,0
1267,1409,1409,1261
1268,1409,1409,1261
1269,1410,1412,0
1270,1410,1411,1171
1271,1410,1411,1171
1272,1410,1420,0
1273,1410,1430,948
1274,1410,1422,948
1275,1410,1411,1175
1276,1410,1413,1175
1277,1410,1413,1249
1278,1410,1420,1249
1279,1411,1412,0
1280,1411,1438,0
1281,1411,1436,1258
1282,1411,1452,1258
1283,1412,1418,1271
1284,1412,1412,1271
1285,1412,1412,0
1286,1412,1412,0
1287,1413,1413,1269
1288,1413,1413,1269
1289,1413,1418,1189
1290,1413,1426,1189
1291,1413,1429,0
1292,1414,1418,1287
1293,1414,1416,1287
1294,1414,1452,1155
1295,1414,1421,1155
1296,1414,1482,1244
1297,1414,1416,1244
1298,1415,1454,1208
1299,1415,1419,1208
1300,1417,1419,0
1301,1417,1452,1255
1302,1417,1434,1255
1303,1417,1436,1297
1304,1417,1441,1297
1305,1418,1420,0
1306,1418,1418,1211
1307,1418,1450,1211
1308,1419,1428,1283
1309,1419,1419,1283
1310,1419,1420,1289
1311,1419,1420,1289
1312,1419,1420,1306
1313,1419,1420,1306
1314,1420,1420,0
1315,1420,1420,0
1316,1420,1426,1153
1317,1420,1426,1153
1318,1421,1431,0
1319,1421,1422,1305
1320,1421,1433,1305
1321,1421,1421,1314
1322,1421,1422,1314
1323,1421,1424,0
1324,1421,1422,0
1325,1421,1491,1226
1326,1421,1424,1226
1327,1421,1429,1312
1328,1421,1429,1312
1329,1422,1423,1295
1330,1422,1422,1295
1331,1423,1426,1322
1332,1423,1425,1322
1333,1423,1445,0
1334,1423,1433,1243
1335,1423,1441,1243
1336,1423,1423,1246
1337,1423,1424,1246
1338,1423,1427,861
1339,1423,1424,861
1340,1424,1429,1329
1341,1424,1424,1329
1342,1424,1441,0
1343,1425,1431,1023
1344,1425,1436,1023
1345,1425,1435,1326
1346,1425,1434,1326
1347,1426,1431,1239
1348,1426,1432,1239
1349,1427,1434,0
1350,1427,1442,1290
1351,1427,1438,1290
1352,1427,1432,1317
1353,1427,1428,1317
1354,1428,1441,811
1355,1428,1461,811
1356,1429,1455,0
1357,1429,1442,1245
1358,1429,1429,1245
1359,1429,1429,1158
1360,1429,1430,1158
1361,1429,1429,1353
1362,1429,1436,1353
1363,1430,1464,1291
1364,1430,1433,1291
1365,1430,1451,1340
1366,1430,1445,1340
1367,1430,1441,1359
1368,1430,1441,1359
1369,1430,1432,1328
1370,1430,1430,1328
1371,1431,1439,1273
1372,1431,1557,1273
1373,1432,1432,1318
1374,1432,1433,1318
1375,1432,1436,1343
1376,1432,1439,1343
1377,1432,1452,0
1378,1433,1434,1348
1379,1433,1433,1348
1380,1433,1475,1042
1381,1433,1434,1042
1382,1433,1433,1352
1383,1433,1455,1352
1384,1433,1462,1369
1385,1433,1433,1369
1386,1434,1443,1320
1387,1434,1443,1320
1388,1434,1439,0
1389,1434,1438,0
1390,1434,1434,1379
1391,1434,1446,1379
1392,1435,1442,1302
1393,1435,1442,1302
1394,1435,1439,1390
1395,1435,1436,1390
1396,1435,1450,1346
1397,1435,1435,1346
1398,1436,1554,1397
1399,1436,1459,1397
1400,1437,1438,1375
1401,1437,1438,1375
1402,1437,1442,1303
1403,1437,1437,1303
1404,1437,1439,1281
1405,1437,1439,1281
1406,1437,1437,1362
1407,1437,1461,1362
1408,1439,1443,1259
1409,1439,1443,1259
1410,1439,1478,1280
1411,1439,1444,1280
1412,1439,1445,0
1413,1439,1441,1401
1414,1439,1463,1401
1415,1440,1464,1388
1416,1440,1454,1388
1417,1440,1442,1404
1418,1440,1448,1404
1419,1440,1461,1371
1420,1440,1453,1371
1421,1440,1447,0
1422,1440,1441,0
1423,1442,1442,1335
1424,1442,1495,1335
1425,1442,1453,1413
1426,1442,1453,1413
1427,1442,1442,1304
1428,1442,1444,1304
1429,1442,1493,1354
1430,1442,1442,1354
1431,1442,1448,1368
1432,1442,1536,1368
1433,1442,1505,1354
1434,1443,1461,1392
1435,1443,1454,1392
1436,1443,1486,1417
1437,1443,1443,1417
1438,1443,1443,0
1439,1443,1481,1357
1440,1443,1459,1357
1441,1444,1452,1409
1442,1444,1449,1409
1443,1444,1452,1386
1444,1444,1498,1386
1445,1445,1446,1411
1446,1445,1446,1411
1447,1445,1445,1428
1448,1445,1445,1428
1449,1445,1471,0
1450,1446,1467,1333
1451,1446,1446,1333
1452,1446,1482,1412
1453,1446,1470,1412
1454,1446,1470,1366
1455,1446,1450,1366
1456,1447,1447,1446
1457,1447,1449,1446
1458,1447,1452,1391
1459,1447,1447,1391
1460,1449,1498,1418
1461,1449,1533,1418
1462,1449,1462,1431
1463,1449,1478,1431
1464,1450,1451,0
1465,1450,1467,1457
1466,1450,1476,1457
1467,1451,1454,1455
1468,1451,1480,1455
1469,1451,1470,1307
1470,1451,1451,1307
1471,1452,1478,0
1472,1452,1458,1365
1473,1452,1468,1365
1474,1452,1462,1063
1475,1452,1492,1063
1476,1453,1478,1441
1477,1453,1508,1441
1478,1453,1459,1301
1479,1453,1459,1301
1480,1453,1524,1377
1481,1453,1478,1377
1482,1454,1491,1420
1483,1454,1454,1420
1484,1454,1457,1425
1485,1454,1477,1425
1486,1455,1464,0
1487,1455,1459,1298
1488,1455,1457,1298
1489,1456,1479,0
1490,1456,1460,0
1491,1456,1557,1383
1492,1456,1459,1383
1493,1458,1471,1484
1494,1458,1460,1484
1495,1459,1467,1472
1496,1459,1459,1472
1497,1460,1465,1478
1498,1460,1463,1478
1499,1460,1463,1399
1500,1460,1495,1399
1501,1461,1481,1494
1502,1461,1464,1494
1503,1461,1466,1494
1504,1462,1464,1434
1505,1462,1463,1434
1506,1462,1465,1419
1507,1462,1466,1419
1508,1462,1471,1355
1509,1462,1471,1355
1510,1462,1462,1407
1511,1462,1464,1407
1512,1463,1463,1474
1513,1463,1474,1474
1514,1463,1467,1384
1515,1463,1480,1384
1516,1464,1466,1414
1517,1464,1466,1414
1518,1465,1466,1504
1519,1465,1466,1504
1520,1465,1479,1486
1521,1465,1472,1486
1522,1465,1474,1363
1523,1465,1481,1363
1524,1465,1475,1266
1525,1465,1470,1266
1526,1465,1516,1511
1527,1465,1494,1511
1528,1466,1477,1506
1529,1466,1476,1506
1530,1467,1467,0
1531,1467,1474,1518
1532,1467,1474,1518
1533,1467,1471,1516
1534,1467,1477,1516
1535,1468,1477,0
1536,1468,1470,1495
1537,1468,1474,1495
1538,1468,1468,1450
1539,1468,1470,1450
1540,1468,1493,1514
1541,1468,1468,1514
1542,1469,1489,1473
1543,1469,1529,1473
1544,1469,1469,0
1545,1469,1522,1135
1546,1469,1532,1135
1547,1471,1471,1536
1548,1471,1501,1536
1549,1471,1471,1539
1550,1471,1489,1539
1551,1471,1505,1454
1552,1471,1494,1454
1553,1471,1471,1525
1554,1471,1471,1525
1555,1472,1476,1547
1556,1472,1477,1547
1557,1472,1473,1553
1558,1472,1473,1553
1559,1472,1473,1554
1560,1472,1485,1554
1561,1473,1493,0
1562,1474,1489,0
1563,1474,1492,1557
1564,1474,1539,1557
1565,1474,1475,1558
1566,1474,1501,1558
1567,1475,1482,1537
1568,1475,1486,1537
1569,1475,1479,1522
1570,1475,1475,1522
1571,1476,1534,0
1572,1476,1481,1380
1573,1476,1487,1380
1574,1477,1482,1466
1575,1477,1481,1466
1576,1477,1483,1529
1577,1477,1493,1529
1578,1478,1479,0
1579,1478,1489,1528
1580,1478,1478,1528
1581,1478,1479,1534
1582,1478,1478,1534
1583,1479,1489,1471
1584,1479,1510,1471
1585,1479,1492,1582
1586,1479,1481,1582
1587,1479,1481,1410
1588,1479,1487,1410
1589,1479,1481,1463
1590,1479,1480,1463
1591,1480,1480,1520
1592,1480,1480,1520
1593,1480,1480,1581
1594,1480,1480,1581
1595,1480,1480,0
1596,1480,1480,1569
1597,1480,1481,1569
1598,1481,1488,1592
1599,1481,1481,1592
1600,1481,1491,1468
1601,1481,1489,1468
1602,1481,1496,1515
1603,1481,1533,1515
1604,1482,1482,0
1605,1482,1488,1587
1606,1482,1520,1587
1607,1482,1482,0
1608,1482,1486,1589
1609,1482,1484,1589
1610,1482,1500,0
1611,1482,1488,1439
1612,1482,1484,1439
1613,1482,1482,1597
1614,1482,1488,1597
1615,1482,1483,1572
1616,1482,1483,1572
1617,1483,1487,1574
1618,1483,1485,1574
1619,1483,1483,1567
1620,1483,1483,1567
1621,1483,1520,1296
1622,1483,1483,1296
1623,1484,1487,1576
1624,1484,1489,1576
1625,1484,1489,1619
1626,1484,1484,1619
1627,1484,1484,1615
1628,1484,1500,1615
1629,1484,1484,0
1630,1485,1486,0
1631,1485,1488,1612
1632,1485,1490,1612
1633,1486,1490,1560
1634,1486,1486,1560
1635,1487,1487,1436
1636,1487,1490,1436
1637,1487,1493,1608
1638,1487,1525,1608
1639,1487,1490,1568
1640,1487,1495,1568
1641,1488,1494,1221
1642,1488,1494,1221
1643,1488,1491,1635
1644,1488,1489,1635
1645,1488,1489,1617
1646,1488,1489,1617
1647,1488,1654,1573
1648,1488,1489,1573
1649,1488,1488,0
1650,1489,1489,1598
1651,1489,1494,1598
1652,1489,1492,1631
1653,1489,1490,1631
1654,1489,1490,0
1655,1490,1514,1583
1656,1490,1498,1583
1657,1490,1492,1550
1658,1490,1525,1550
1659,1490,1505,1579
1660,1490,1504,1579
1661,1490,1498,1562
1662,1490,1491,1562
1663,1490,1490,1542
1664,1490,1515,1542
1665,1490,1502,1601
1666,1490,1509,1601
1667,1490,1490,0
1668,1491,1491,1663
1669,1491,1493,1663
1670,1491,1501,1653
1671,1491,1509,1653
1672,1491,1496,1639
1673,1491,1495,1639
1674,1491,1495,1633
1675,1491,1512,1633
1676,1492,1494,1643
1677,1492,1495,1643
1678,1492,1519,1662
1679,1492,1504,1662
1680,1492,1493,1325
1681,1492,1501,1325
1682,1492,1500,0
1683,1492,1553,1240
1684,1492,1517,1240
1685,1493,1500,1585
1686,1493,1497,1585
1687,1493,1517,1475
1688,1493,1534,1475
1689,1493,1495,1563
1690,1493,1495,1563
1691,1494,1503,1637
1692,1494,1511,1637
1693,1494,1516,1429
1694,1494,1495,1429
1695,1494,1496,1540
1696,1494,1500,1540
1697,1495,1518,1642
1698,1495,1516,1642
1699,1495,1499,1676
1700,1495,1507,1676
1701,1495,1505,1651
1702,1495,1496,1651
1703,1495,1499,1552
1704,1495,1498,1552
1705,1495,1495,1527
1706,1495,1547,1527
1707,1496,1498,1424
1708,1496,1511,1424
1709,1496,1497,1640
1710,1496,1515,1640
1711,1496,1502,1673
1712,1496,1502,1673
1713,1496,1520,1694
1714,1496,1509,1694
1715,1496,1525,1689
1716,1496,1505,1689
1717,1497,1510,1602
1718,1497,1502,1602
1719,1498,1498,0
1720,1498,1500,1709
1721,1498,1500,1709
1722,1499,1549,813
1723,1499,1508,813
1724,1499,1499,1656
1725,1499,1499,1656
1726,1499,1531,1661
1727,1499,1521,1661
1728,1500,1503,0
1729,1500,1512,1699
1730,1500,1505,1699
1731,1500,1502,0
1732,1500,1533,1703
1733,1500,1502,1703
1734,1501,1503,0
1735,1501,1501,1721
1736,1501,1513,1721
1737,1501,1505,1628
1738,1501,1505,1628
1739,1501,1504,1682
1740,1501,1504,1682
1741,1501,1589,0
1742,1501,1501,0
1743,1502,1543,1670
1744,1502,1512,1670
1745,1502,1502,1681
1746,1502,1502,1681
1747,1502,1502,0
1748,1502,1521,1566
1749,1502,1502,1566
1750,1503,1511,1746
1751,1503,1505,1746
1752,1503,1504,1665
1753,1503,1503,1665
1754,1503,1515,1712
1755,1503,1503,1712
1756,1503,1506,1718
1757,1503,1515,1718
1758,1504,1504,0
1759,1504,1523,1691
1760,1504,1504,1691
1761,1505,1509,0
1762,1505,1507,0
1763,1505,1505,1660
1764,1505,1508,1660
1765,1505,1513,0
1766,1505,1524,1752
1767,1505,1509,1752
1768,1506,1511,1220
1769,1506,1511,1220
1770,1506,1508,1730
1771,1506,1520,1730
1772,1506,1507,1701
1773,1506,1506,1701
1774,1506,1516,1737
1775,1506,1513,1737
1776,1506,1517,1763
1777,1506,1538,1763
1778,1506,1509,1751
1779,1506,1510,1751
1780,1506,1514,1716
1781,1506,1509,1716
1782,1507,1507,1756
1783,1507,1511,1756
1784,1508,1512,1772
1785,1508,1508,1772
1786,1508,1511,1700
1787,1508,1568,1700
1788,1509,1575,1477
1789,1509,1550,1477
1790,1509,1540,1764
1791,1509,1510,1764
1792,1510,1520,1761
1793,1510,1511,1761
1794,1510,1511,0
1795,1510,1537,1666
1796,1510,1512,1666
1797,1510,1514,1714
1798,1510,1512,1714
1799,1510,1515,1671
1800,1510,1513,1671
1801,1510,1510,0
1802,1511,1514,0
1803,1511,1516,1791
1804,1511,1511,1791
1805,1511,1519,1779
1806,1511,1528,1779
1807,1512,1523,1768
1808,1512,1518,1768
1809,1512,1562,1786
1810,1512,1539,1786
1811,1512,1523,1692
1812,1512,1526,1692
1813,1512,1512,1750
1814,1512,1518,1750
1815,1512,1518,1783
1816,1512,1519,1783
1817,1513,1520,1729
1818,1513,1515,1729
1819,1513,1519,1784
1820,1513,1516,1784
1821,1513,1551,1744
1822,1513,1513,1744
1823,1513,1516,1798
1824,1513,1515,1798
1825,1514,1515,0
1826,1514,1516,1775
1827,1514,1528,1775
1828,1514,1520,1765
1829,1514,1514,1765
1830,1515,1567,1655
1831,1515,1709,1655
1832,1515,1515,0
1833,1515,1515,1780
1834,1515,1519,1780
1835,1516,1525,0
1836,1516,1535,1710
1837,1516,1550,1710
1838,1516,1535,1799
1839,1516,1537,1799
1840,1516,1561,1799
1841,1516,1516,0
1842,1516,1516,1757
1843,1516,1528,1757
1844,1516,1520,1824
1845,1516,1516,1824
1846,1517,1529,1820
1847,1517,1532,1820
1848,1517,1519,0
1849,1517,1540,1826
1850,1517,1540,1826
1851,1517,1528,1693
1852,1517,1558,1693
1853,1517,1517,1845
1854,1517,1533,1845
1855,1517,1518,1526
1856,1517,1517,1526
1857,1518,1519,1776
1858,1518,1518,1776
1859,1518,1527,1684
1860,1518,1522,1684
1861,1519,1549,1808
1862,1519,1521,1808
1863,1519,1528,1814
1864,1519,1519,1814
1865,1519,1519,0
1866,1519,1540,1855
1867,1519,1520,1855
1868,1520,1521,1819
1869,1520,1522,1819
1870,1520,1521,1864
1871,1520,1528,1864
1872,1520,1529,1857
1873,1520,1521,1857
1874,1520,1520,1816
1875,1520,1526,1816
1876,1520,1520,1834
1877,1520,1547,1834
1878,1521,1556,1817
1879,1521,1533,1817
1880,1521,1529,1771
1881,1521,1524,1771
1882,1521,1525,1792
1883,1521,1524,1792
1884,1521,1521,1828
1885,1521,1524,1828
1886,1521,1524,1621
1887,1521,1524,1621
1888,1521,1523,1844
1889,1521,1522,1844
1890,1522,1549,0
1891,1522,1529,1727
1892,1522,1528,1727
1893,1522,1535,0
1894,1522,1543,1748
1895,1522,1522,1748
1896,1523,1525,1869
1897,1523,1524,1869
1898,1523,1535,1545
1899,1523,1528,1545
1900,1523,1523,1889
1901,1523,1524,1889
1902,1523,1523,1860
1903,1523,1547,1860
1904,1524,1558,1807
1905,1524,1524,1807
1906,1524,1524,0
1907,1524,1530,1811
1908,1524,1525,1811
1909,1524,1528,0
1910,1524,1652,1888
1911,1524,1555,1888
1912,1525,1581,1480
1913,1525,1558,1480
1914,1525,1545,1886
1915,1525,1529,1886
1916,1526,1528,1882
1917,1526,1529,1882
1918,1526,1529,1896
1919,1526,1571,1896
1920,1526,1528,1882
1921,1526,1532,1658
1922,1526,1535,1658
1923,1526,1528,0
1924,1526,1570,1835
1925,1526,1526,1835
1926,1527,1527,0
1927,1527,1528,1812
1928,1527,1548,1812
1929,1527,1528,1875
1930,1527,1528,1875
1931,1528,1537,1859
1932,1528,1528,1859
1933,1529,1531,1916
1934,1529,1529,1916
1935,1529,1530,0
1936,1529,1529,0
1937,1529,1545,1827
1938,1529,1535,1827
1939,1529,1544,1909
1940,1529,1553,1909
1941,1529,1533,1075
1942,1529,1575,1075
1943,1529,1530,1806
1944,1529,1544,1806
1945,1529,1534,1851
1946,1529,1530,1851
1947,1530,1531,1846
1948,1530,1549,1846
1949,1530,1531,1918
1950,1530,1539,1918
1951,1530,1531,1917
1952,1530,1531,1917
1953,1530,1542,0
1954,1530,1539,1872
1955,1530,1552,1872
1956,1530,1531,0
1957,1530,1540,1915
1958,1530,1530,1915
1959,1531,1532,0
1960,1531,1531,1907
1961,1531,1546,1907
1962,1531,1536,1935
1963,1531,1535,1935
1964,1532,1533,1949
1965,1532,1539,1949
1966,1532,1537,1951
1967,1532,1551,1951
1968,1532,1542,1726
1969,1532,1539,1726
1970,1532,1533,0
1971,1533,1534,1847
1972,1533,1533,1847
1973,1533,1555,1921
1974,1533,1541,1921
1975,1533,1533,1546
1976,1533,1555,1546
1977,1534,1564,1879
1978,1534,1545,1879
1979,1534,1534,1970
1980,1534,1539,1970
1981,1534,1537,1732
1982,1534,1552,1732
1983,1534,1549,1854
1984,1534,1534,1854
1985,1534,1557,1603
1986,1534,1534,1603
1987,1535,1544,1971
1988,1535,1535,1971
1989,1535,1535,1688
1990,1535,1557,1688
1991,1535,1535,0
1992,1535,1558,0
1993,1535,1559,1571
1994,1535,1555,1571
1995,1536,1539,1922
1996,1536,1541,1922
1997,1536,1540,1989
1998,1536,1537,1989
1999,1536,1544,1938
2000,1536,1536,1938
2001,1536,1554,1898
2002,1536,1567,1898
2003,1536,1547,0
2004,1536,1542,1838
2005,1536,1536,1838
2006,1537,1538,0
2007,1537,1537,0
2008,1537,1546,0
2009,1538,1588,1264
2010,1538,1546,1264
2011,1538,1546,1966
2012,1538,1538,1966
2013,1538,1552,1795
2014,1538,1538,1795
2015,1538,1552,1931
2016,1538,1555,1931
2017,1539,1553,2014
2018,1539,1541,2014
2019,1539,1539,0
2020,1539,1548,0
2021,1540,1549,1965
2022,1540,1548,1965
2023,1540,1541,0
2024,1540,1542,1969
2025,1540,1541,1969
2026,1540,1597,1810
2027,1540,1540,1810
2028,1540,1542,1954
2029,1540,1540,1954
2030,1540,1541,1564
2031,1540,1540,1564
2032,1541,1541,1790
2033,1541,1541,1790
2034,1541,1561,1997
2035,1541,1556,1997
2036,1541,1552,1850
2037,1541,1547,1850
2038,1541,1576,1957
2039,1541,1541,1957
2040,1541,1541,1850
2041,1542,1543,0
2042,1542,1550,0
2043,1542,1543,2025
2044,1542,1543,2025
2045,1542,1543,1996
2046,1542,1543,1996
2047,1542,1542,2032
2048,1542,1544,2032
2049,1542,1547,2030
2050,1542,1542,2030
2051,1543,1553,1968
2052,1543,1553,1968
2053,1543,1543,0
2054,1543,1543,0
2055,1543,1550,2004
2056,1543,1550,2004
2057,1544,1554,2045
2058,1544,1567,2045
2059,1544,1555,2043
2060,1544,1545,2043
2061,1544,1547,0
2062,1544,1555,1894
2063,1544,1547,1894
2064,1545,1549,1987
2065,1545,1545,1987
2066,1545,1545,2048
2067,1545,1547,2048
2068,1545,1545,1944
2069,1545,1559,1944
2070,1546,1551,0
2071,1546,1551,0
2072,1546,1546,1937
2073,1546,1549,1937
2074,1546,1573,2068
2075,1546,1571,2068
2076,1547,1565,0
2077,1547,1557,2011
2078,1547,1553,2011
2079,1547,1547,1961
2080,1547,1577,1961
2081,1547,1549,2072
2082,1547,1552,2072
2083,1548,1548,0
2084,1548,1550,2063
2085,1548,1549,2063
2086,1548,1567,2049
2087,1548,1548,2049
2088,1548,1566,2037
2089,1548,1555,2037
2090,1549,1561,2022
2091,1549,1549,2022
2092,1549,1554,1928
2093,1549,1576,1928
2094,1549,1549,0
2095,1549,1572,2087
2096,1549,1549,2087
2097,1550,1572,1722
2098,1550,1583,1722
2099,1550,1570,1890
2100,1550,1581,1890
2101,1550,1550,2021
2102,1550,1563,2021
2103,1550,1551,2073
2104,1550,1551,2073
2105,1550,1550,0
2106,1550,1550,1983
2107,1550,1550,1983
2108,1550,1573,2085
2109,1550,1550,2085
2110,1550,1556,2096
2111,1550,1550,2096
2112,1551,1558,0
2113,1551,1556,2101
2114,1551,1551,2101
2115,1551,1566,1837
2116,1551,1575,1837
2117,1551,1558,0
2118,1551,1553,2084
2119,1551,1553,2084
2120,1551,1551,2107
2121,1551,1555,2107
2122,1551,1551,2055
2123,1551,1562,2055
2124,1552,1556,1967
2125,1552,1564,1967
2126,1552,1573,2071
2127,1552,1557,2071
2128,1552,1556,2103
2129,1552,1562,2103
2130,1552,1553,1821
2131,1552,1552,1821
2132,1553,1554,0
2133,1553,1556,1955
2134,1553,1557,1955
2135,1553,1554,2082
2136,1553,1553,2082
2137,1553,1567,0
2138,1553,1573,2131
2139,1553,1561,2131
2140,1554,1557,2017
2141,1554,1554,2017
2142,1554,1571,2052
2143,1554,1563,2052
2144,1554,1564,0
2145,1554,1571,2118
2146,1554,1555,2118
2147,1555,1555,2057
2148,1555,1571,2057
2149,1555,1575,2135
2150,1555,1566,2135
2151,1555,1566,2001
2152,1555,1563,2001
2153,1556,1566,2059
2154,1556,1556,2059
2155,1556,1572,1973
2156,1556,1601,1973
2157,1556,1556,0
2158,1556,1584,2146
2159,1556,1559,2146
2160,1556,1558,1911
2161,1556,1556,1911
2162,1556,1563,1994
2163,1556,1591,1994
2164,1556,1558,2016
2165,1556,1593,2016
2166,1557,1571,1878
2167,1557,1557,1878
2168,1557,1573,1878
2169,1557,1563,2113
2170,1557,1557,2113
2171,1557,1557,2133
2172,1557,1587,2133
2173,1557,1564,2128
2174,1557,1562,2128
2175,1557,1559,2110
2176,1557,1557,2110
2177,1557,1565,0
2178,1558,1562,2077
2179,1558,1558,2077
2180,1558,1561,1372
2181,1558,1570,1372
2182,1558,1559,2134
2183,1558,1565,2134
2184,1558,1568,2127
2185,1558,1580,2127
2186,1558,1574,1491
2187,1558,1566,1491
2188,1559,1570,1904
2189,1559,1576,1904
2190,1559,1559,0
2191,1559,1564,2179
2192,1559,1561,2179
2193,1559,1559,0
2194,1559,1578,1992
2195,1559,1563,1992
2196,1559,1559,1852
2197,1559,1575,1852
2198,1560,1561,0
2199,1560,1560,0
2200,1560,1561,2175
2201,1560,1561,2175
2202,1560,1572,2069
2203,1560,1568,2069
2204,1560,1650,2196
2205,1560,1560,2196
2206,1561,1561,0
2207,1562,1567,2090
2208,1562,1565,2090
2209,1562,1582,2180
2210,1562,1577,2180
2211,1562,1592,0
2212,1562,1562,2200
2213,1562,1583,2200
2214,1562,1599,2139
2215,1562,1573,2139
2216,1562,1566,2034
2217,1562,1563,2034
2218,1563,1565,2178
2219,1563,1565,2178
2220,1563,1588,1809
2221,1563,1567,1809
2222,1563,1563,2212
2223,1563,1563,2212
2224,1563,1578,2129
2225,1563,1579,2129
2226,1564,1570,2169
2227,1564,1573,2169
2228,1564,1565,2162
2229,1564,1566,2162
2230,1564,1588,2143
2231,1564,1571,2143
2232,1564,1565,2222
2233,1564,1565,2222
2234,1565,1587,1977
2235,1565,1574,1977
2236,1565,1573,2144
2237,1565,1592,2144
2238,1566,1571,2218
2239,1566,1573,2218
2240,1566,1639,2232
2241,1566,1567,2232
2242,1566,1566,2183
2243,1566,1572,2183
2244,1566,1568,2228
2245,1566,1573,2228
2246,1567,1568,2153
2247,1567,1567,2153
2248,1567,1567,2115
2249,1567,1570,2115
2250,1567,1594,2151
2251,1567,1571,2151
2252,1567,1571,2150
2253,1567,1568,2150
2254,1567,1579,2216
2255,1567,1576,2216
2256,1568,1609,2207
2257,1568,1655,2207
2258,1568,1568,0
2259,1568,1569,2058
2260,1568,1576,2058
2261,1568,1568,0
2262,1568,1575,2086
2263,1568,1575,2086
2264,1568,1571,2002
2265,1568,1570,2002
2266,1569,1588,1787
2267,1569,1588,1787
2268,1569,1592,0
2269,1569,1575,0
2270,1569,1644,2203
2271,1569,1584,2203
2272,1570,1579,2259
2273,1570,1571,2259
2274,1571,1581,0
2275,1571,1575,0
2276,1571,1577,2226
2277,1571,1571,2226
2278,1571,1571,2181
2279,1571,1574,2181
2280,1571,1582,2265
2281,1571,1575,2265
2282,1572,1572,2238
2283,1572,1572,2238
2284,1572,1583,1919
2285,1572,1583,1919
2286,1572,1581,0
2287,1572,1576,2264
2288,1572,1572,2264
2289,1572,1575,2231
2290,1572,1593,2231
2291,1572,1586,2142
2292,1572,1575,2142
2293,1572,1589,2251
2294,1572,1592,2251
2295,1572,1580,0
2296,1573,1594,0
2297,1573,1578,2155
2298,1573,1573,2155
2299,1573,1573,2283
2300,1573,1581,2283
2301,1573,1581,2288
2302,1573,1573,2288
2303,1573,1709,0
2304,1574,1589,2227
2305,1574,1575,2227
2306,1574,1577,2239
2307,1574,1595,2239
2308,1574,1599,2126
2309,1574,1585,2126
2310,1574,1575,0
2311,1574,1574,0
2312,1574,1597,2236
2313,1574,1574,2236
2314,1574,1574,0
2315,1574,1590,2138
2316,1574,1578,2138
2317,1575,1577,0
2318,1575,1600,2279
2319,1575,1601,2279
2320,1575,1590,2186
2321,1575,1601,2186
2322,1576,1594,0
2323,1576,1576,2305
2324,1576,1620,2305
2325,1576,1626,2289
2326,1576,1576,2289
2327,1576,1636,2262
2328,1576,1643,2262
2329,1576,1596,2263
2330,1576,1581,2263
2331,1576,1581,2116
2332,1576,1596,2116
2333,1576,1581,2149
2334,1576,1581,2149
2335,1576,1576,0
2336,1576,1577,2269
2337,1576,1577,2269
2338,1577,1590,2189
2339,1577,1606,2189
2340,1577,1613,2260
2341,1577,1587,2260
2342,1577,1594,2093
2343,1577,1603,2093
2344,1577,1579,0
2345,1578,1580,2276
2346,1578,1581,2276
2347,1578,1588,2306
2348,1578,1585,2306
2349,1578,1584,2080
2350,1578,1581,2080
2351,1578,1578,2337
2352,1578,1578,2337
2353,1578,1578,0
2354,1579,1579,2297
2355,1579,1580,2297
2356,1579,1586,0
2357,1579,1601,2351
2358,1579,1597,2351
2359,1579,1583,2316
2360,1579,1597,2316
2361,1580,1581,2272
2362,1580,1585,2272
2363,1580,1580,2225
2364,1580,1585,2225
2365,1580,1581,0
2366,1580,1584,2254
2367,1580,1592,2254
2368,1581,1585,2185
2369,1581,1582,2185
2370,1582,1604,2100
2371,1582,1653,2100
2372,1582,1582,2346
2373,1582,1587,2346
2374,1582,1601,2361
2375,1582,1588,2361
2376,1582,1611,1912
2377,1582,1591,1912
2378,1582,1587,2331
2379,1582,1585,2331
2380,1582,1605,2301
2381,1582,1594,2301
2382,1582,1585,2334
2383,1582,1639,2334
2384,1582,1588,0
2385,1583,1592,0
2386,1583,1602,0
2387,1584,1656,0
2388,1584,1585,2285
2389,1584,1600,2285
2390,1584,1588,2359
2391,1584,1591,2359
2392,1585,1594,2158
2393,1585,1589,2158
2394,1585,1585,2271
2395,1585,1600,2271
2396,1586,1586,0
2397,1586,1589,2388
2398,1586,1589,2388
2399,1586,1623,2364
2400,1586,1589,2364
2401,1586,1586,2309
2402,1586,1594,2309
2403,1586,1586,2379
2404,1586,1596,2379
2405,1586,1586,2382
2406,1586,1615,2382
2407,1587,1588,2291
2408,1587,1609,2291
2409,1587,1587,2356
2410,1587,1588,2356
2411,1588,1590,0
2412,1588,1601,2234
2413,1588,1590,2234
2414,1588,1591,2341
2415,1588,1603,2341
2416,1588,1611,2378
2417,1588,1588,2378
2418,1589,1632,2009
2419,1589,1597,2009
2420,1589,1627,2266
2421,1589,1635,2266
2422,1589,1589,2375
2423,1589,1600,2375
2424,1589,1592,2407
2425,1589,1607,2407
2426,1589,1590,0
2427,1589,1615,2410
2428,1589,1662,2410
2429,1590,1611,2304
2430,1590,1592,2304
2431,1590,1591,0
2432,1590,1627,2397
2433,1590,1595,2397
2434,1590,1591,1741
2435,1590,1598,1741
2436,1590,1612,2400
2437,1590,1597,2400
2438,1591,1634,2338
2439,1591,1593,2338
2440,1591,1593,2320
2441,1591,1591,2320
2442,1591,1591,0
2443,1591,1599,2315
2444,1591,1591,2315
2445,1592,1595,2377
2446,1592,1597,2377
2447,1592,1595,2414
2448,1592,1592,2414
2449,1592,1592,2163
2450,1592,1595,2163
2451,1592,1592,2391
2452,1592,1593,2391
2453,1593,1619,2385
2454,1593,1595,2385
2455,1593,1593,2268
2456,1593,1598,2268
2457,1593,1597,2424
2458,1593,1593,2424
2459,1593,1600,2294
2460,1593,1604,2294
2461,1593,1593,2367
2462,1593,1597,2367
2463,1593,1601,2237
2464,1593,1628,2237
2465,1594,1618,2439
2466,1594,1596,2439
2467,1594,1616,0
2468,1594,1595,2440
2469,1594,1597,2440
2470,1594,1595,2290
2471,1594,1598,2290
2472,1594,1597,2452
2473,1594,1601,2452
2474,1595,1617,2296
2475,1595,1639,2296
2476,1595,1599,2392
2477,1595,1655,2392
2478,1595,1604,2342
2479,1595,1614,2342
2480,1595,1605,2402
2481,1595,1595,2402
2482,1596,1632,2454
2483,1596,1597,2454
2484,1596,1601,2433
2485,1596,1612,2433
2486,1596,1605,2447
2487,1596,1603,2447
2488,1596,1596,2470
2489,1596,1598,2470
2490,1596,1613,2450
2491,1596,1598,2450
2492,1597,1645,2332
2493,1597,1600,2332
2494,1597,1603,2329
2495,1597,1597,2329
2496,1598,1601,2026
2497,1598,1600,2026
2498,1598,1601,2446
2499,1598,1601,2446
2500,1598,1600,2358
2501,1598,1686,2358
2502,1598,1598,0
2503,1598,1622,2312
2504,1598,1600,2312
2505,1598,1622,2469
2506,1598,1598,2469
2507,1598,1598,2472
2508,1598,1611,2472
2509,1599,1608,0
2510,1599,1603,2471
2511,1599,1601,2471
2512,1599,1641,2435
2513,1599,1644,2435
2514,1599,1611,2491
2515,1599,1644,2491
2516,1600,1603,2214
2517,1600,1625,2214
2518,1600,1600,0
2519,1600,1603,2476
2520,1600,1606,2476
2521,1601,1601,0
2522,1601,1631,2497
2523,1601,1603,2497
2524,1601,1601,2423
2525,1601,1605,2423
2526,1601,1610,2459
2527,1601,1609,2459
2528,1601,1601,2395
2529,1601,1601,2395
2530,1601,1604,2504
2531,1601,1657,2504
2532,1602,1671,2412
2533,1602,1627,2412
2534,1602,1603,2412
2535,1602,1631,2319
2536,1602,1605,2319
2537,1602,1627,2484
2538,1602,1695,2484
2539,1602,1602,2357
2540,1602,1618,2357
2541,1602,1603,2511
2542,1602,1602,2511
2543,1602,1614,2156
2544,1602,1606,2156
2545,1602,1609,2528
2546,1602,1623,2528
2547,1602,1612,2463
2548,1602,1602,2463
2549,1602,1621,0
2550,1604,1605,2523
2551,1604,1609,2523
2552,1604,1614,2415
2553,1604,1624,2415
2554,1604,1605,2343
2555,1604,1639,2343
2556,1604,1607,2494
2557,1604,1637,2494
2558,1604,1608,2519
2559,1604,1605,2519
2560,1604,1629,2541
2561,1604,1645,2541
2562,1604,1604,0
2563,1605,1653,0
2564,1605,1610,2460
2565,1605,1609,2460
2566,1605,1611,0
2567,1606,1665,2536
2568,1606,1622,2536
2569,1606,1629,2486
2570,1606,1608,2486
2571,1606,1625,2380
2572,1606,1608,2380
2573,1606,1606,2559
2574,1606,1609,2559
2575,1606,1606,2380
2576,1607,1618,2339
2577,1607,1607,2339
2578,1607,1614,2520
2579,1607,1613,2520
2580,1607,1609,2544
2581,1607,1608,2544
2582,1608,1613,2425
2583,1608,1609,2425
2584,1608,1651,0
2585,1609,1683,0
2586,1609,1612,0
2587,1609,1639,2572
2588,1609,1610,2572
2589,1610,1628,0
2590,1610,1615,2256
2591,1610,1615,2256
2592,1610,1639,2527
2593,1610,1613,2527
2594,1610,1629,2408
2595,1610,1610,2408
2596,1610,1630,2545
2597,1610,1637,2545
2598,1611,1628,0
2599,1611,1613,2526
2600,1611,1632,2526
2601,1611,1619,2588
2602,1611,1621,2588
2603,1612,1628,2376
2604,1612,1615,2376
2605,1612,1613,2416
2606,1612,1623,2416
2607,1612,1612,2508
2608,1612,1624,2508
2609,1612,1612,2514
2610,1612,1622,2514
2611,1613,1614,0
2612,1613,1614,2485
2613,1613,1613,2485
2614,1613,1631,2436
2615,1613,1622,2436
2616,1613,1641,2586
2617,1613,1620,2586
2618,1614,1614,2340
2619,1614,1617,2340
2620,1614,1640,2593
2621,1614,1622,2593
2622,1614,1615,2582
2623,1614,1617,2582
2624,1614,1621,0
2625,1614,1618,2490
2626,1614,1614,2490
2627,1615,1619,2479
2628,1615,1635,2479
2629,1615,1621,2543
2630,1615,1615,2543
2631,1615,1615,2552
2632,1615,1630,2552
2633,1616,1619,2591
2634,1616,1619,2591
2635,1616,1621,2630
2636,1616,1618,2630
2637,1616,1616,2406
2638,1616,1617,2406
2639,1616,1616,2427
2640,1616,1628,2427
2641,1617,1637,0
2642,1618,1622,2474
2643,1618,1619,2474
2644,1618,1629,0
2645,1618,1661,0
2646,1619,1634,2576
2647,1619,1620,2576
2648,1619,1627,0
2649,1619,1627,2540
2650,1619,1670,2540
2651,1619,1622,2636
2652,1619,1639,2636
2653,1620,1624,0
2654,1620,1626,2634
2655,1620,1624,2634
2656,1620,1621,2601
2657,1620,1625,2601
2658,1621,1645,2324
2659,1621,1636,2324
2660,1621,1625,2617
2661,1621,1621,2617
2662,1622,1635,2629
2663,1622,1623,2629
2664,1622,1626,2602
2665,1622,1622,2602
2666,1622,1630,2549
2667,1622,1673,2549
2668,1623,1624,2642
2669,1623,1684,2642
2670,1623,1627,2505
2671,1623,1641,2505
2672,1623,1628,0
2673,1623,1623,2651
2674,1623,1625,2651
2675,1623,1627,2615
2676,1623,1624,2615
2677,1624,1696,2399
2678,1624,1624,2399
2679,1624,1624,2673
2680,1624,1625,2673
2681,1624,1626,2546
2682,1624,1639,2546
2683,1625,1626,2668
2684,1625,1652,2668
2685,1625,1636,2655
2686,1625,1636,2655
2687,1625,1638,2553
2688,1625,1627,2553
2689,1625,1662,2676
2690,1625,1660,2676
2691,1626,1627,2571
2692,1626,1635,2571
2693,1626,1667,0
2694,1626,1635,2660
2695,1626,1626,2660
2696,1626,1629,2680
2697,1626,1628,2680
2698,1627,1634,2325
2699,1627,1647,2325
2700,1627,1627,0
2701,1627,1629,0
2702,1628,1634,2648
2703,1628,1628,2648
2704,1628,1630,2420
2705,1628,1628,2420
2706,1628,1631,2432
2707,1628,1635,2432
2708,1628,1655,2533
2709,1628,1638,2533
2710,1628,1641,0
2711,1628,1632,0
2712,1628,1630,2675
2713,1628,1630,2675
2714,1628,1637,2670
2715,1628,1628,2670
2716,1629,1639,2603
2717,1629,1631,2603
2718,1629,1636,2697
2719,1629,1638,2697
2720,1629,1629,2715
2721,1629,1644,2715
2722,1629,1632,2672
2723,1629,1629,2672
2724,1629,1637,2640
2725,1629,1671,2640
2726,1630,1634,2569
2727,1630,1630,2569
2728,1630,1636,2594
2729,1630,1640,2594
2730,1630,1630,2696
2731,1630,1632,2696
2732,1631,1631,2704
2733,1631,1632,2704
2734,1631,1638,2632
2735,1631,1637,2632
2736,1631,1632,2712
2737,1631,1631,2712
2738,1631,1646,2730
2739,1631,1692,2730
2740,1631,1643,0
2741,1632,1667,2522
2742,1632,1633,2522
2743,1632,1680,2535
2744,1632,1733,2535
2745,1632,1634,2614
2746,1632,1634,2614
2747,1633,1633,2733
2748,1633,1635,2733
2749,1633,1633,2418
2750,1633,1639,2418
2751,1633,1636,0
2752,1633,1635,0
2753,1633,1655,2736
2754,1633,1667,2736
2755,1633,1639,2600
2756,1633,1637,2600
2757,1633,1634,2722
2758,1633,1645,2722
2759,1634,1635,2747
2760,1634,1634,2747
2761,1634,1634,0
2762,1634,1634,0
2763,1635,1648,2438
2764,1635,1650,2438
2765,1635,1645,2646
2766,1635,1636,2646
2767,1635,1636,0
2768,1635,1636,2726
2769,1635,1635,2726
2770,1635,1647,2746
2771,1635,1647,2746
2772,1636,1660,2707
2773,1636,1637,2707
2774,1636,1666,2692
2775,1636,1640,2692
2776,1636,1636,2769
2777,1636,1636,2769
2778,1636,1644,2628
2779,1636,1668,2628
2780,1636,1652,2662
2781,1636,1640,2662
2782,1637,1654,2766
2783,1637,1645,2766
2784,1637,1637,2659
2785,1637,1637,2659
2786,1637,1641,0
2787,1637,1644,2685
2788,1637,1638,2685
2789,1637,1640,2776
2790,1637,1639,2776
2791,1637,1647,2718
2792,1637,1637,2718
2793,1637,1678,2728
2794,1637,1637,2728
2795,1637,1637,2327
2796,1637,1681,2327
2797,1638,1639,0
2798,1638,1650,2784
2799,1638,1645,2784
2800,1638,1639,2773
2801,1638,1646,2773
2802,1638,1661,2735
2803,1638,1676,2735
2804,1638,1651,2557
2805,1638,1648,2557
2806,1638,1671,2597
2807,1638,1705,2597
2808,1639,1659,2709
2809,1639,1654,2709
2810,1639,1644,0
2811,1639,1641,2687
2812,1639,1641,2687
2813,1639,1641,2734
2814,1639,1639,2734
2815,1640,1641,2750
2816,1640,1642,2750
2817,1640,1641,2475
2818,1640,1665,2475
2819,1640,1655,2716
2820,1640,1649,2716
2821,1640,1647,2800
2822,1640,1648,2800
2823,1640,1689,2755
2824,1640,1650,2755
2825,1640,1645,2240
2826,1640,1646,2240
2827,1640,1641,2652
2828,1640,1640,2652
2829,1640,1650,2383
2830,1640,1666,2383
2831,1641,1641,2789
2832,1641,1641,2789
2833,1641,1643,2775
2834,1641,1643,2775
2835,1641,1650,2781
2836,1641,1646,2781
2837,1641,1645,2828
2838,1641,1658,2828
2839,1642,1644,2817
2840,1642,1651,2817
2841,1642,1652,2812
2842,1642,1642,2812
2843,1642,1642,2811
2844,1642,1642,2811
2845,1642,1665,2831
2846,1642,1644,2831
2847,1642,1644,2813
2848,1642,1674,2813
2849,1642,1643,0
2850,1642,1644,2827
2851,1642,1642,2827
2852,1642,1655,2710
2853,1642,1642,2710
2854,1643,1643,2816
2855,1643,1644,2816
2856,1643,1646,2842
2857,1643,1646,2842
2858,1644,1644,0
2859,1644,1648,2328
2860,1644,1650,2328
2861,1645,1646,2855
2862,1645,1661,2855
2863,1645,1646,2787
2864,1645,1651,2787
2865,1645,1646,0
2866,1645,1694,2858
2867,1645,1660,2858
2868,1645,1645,0
2869,1645,1676,2778
2870,1645,1680,2778
2871,1645,1657,2721
2872,1645,1664,2721
2873,1645,1645,0
2874,1645,1651,2513
2875,1645,1662,2513
2876,1646,1648,2783
2877,1646,1646,2783
2878,1646,1649,0
2879,1646,1648,0
2880,1646,1658,2561
2881,1646,1695,2561
2882,1646,1646,2758
2883,1646,1647,2758
2884,1646,1659,2837
2885,1646,1646,2837
2886,1646,1650,2492
2887,1646,1674,2492
2888,1647,1654,0
2889,1647,1647,2863
2890,1647,1648,2863
2891,1647,1657,2857
2892,1647,1652,2857
2893,1647,1655,2882
2894,1647,1664,2882
2895,1647,1649,2836
2896,1647,1658,2836
2897,1647,1670,2826
2898,1647,1651,2826
2899,1648,1648,2699
2900,1648,1648,2699
2901,1648,1655,2791
2902,1648,1648,2791
2903,1648,1669,2770
2904,1648,1653,2770
2905,1649,1699,2876
2906,1649,1659,2876
2907,1649,1655,0
2908,1649,1655,2822
2909,1649,1655,2822
2910,1649,1657,2899
2911,1649,1682,2899
2912,1649,1649,0
2913,1649,1650,2859
2914,1649,1664,2859
2915,1650,1685,2878
2916,1650,1654,2878
2917,1650,1652,2895
2918,1650,1654,2895
2919,1651,1672,2764
2920,1651,1705,2764
2921,1651,1661,2835
2922,1651,1651,2835
2923,1651,1728,2204
2924,1651,1676,2204
2925,1651,1682,2829
2926,1651,1659,2829
2927,1651,1651,2860
2928,1651,1678,2860
2929,1652,1652,2840
2930,1652,1654,2840
2931,1652,1695,0
2932,1652,1657,0
2933,1652,1652,2804
2934,1652,1652,2804
2935,1652,1660,0
2936,1652,1660,2922
2937,1652,1661,2922
2938,1653,1666,0
2939,1653,1664,2841
2940,1653,1661,2841
2941,1653,1659,2917
2942,1653,1655,2917
2943,1653,1671,2934
2944,1653,1665,2934
2945,1653,1653,1910
2946,1653,1689,1910
2947,1654,1682,2563
2948,1654,1659,2563
2949,1654,1678,0
2950,1655,1661,2888
2951,1655,1655,2888
2952,1655,1685,0
2953,1655,1656,2930
2954,1655,1659,2930
2955,1655,1655,2809
2956,1655,1671,2809
2957,1655,1658,2918
2958,1655,1656,2918
2959,1655,1656,1647
2960,1655,1660,1647
2961,1656,1661,0
2962,1656,1692,2819
2963,1656,1680,2819
2964,1656,1674,2908
2965,1656,1660,2908
2966,1656,1661,2257
2967,1656,1671,2257
2968,1656,1680,0
2969,1656,1679,2901
2970,1656,1656,2901
2971,1656,1664,2852
2972,1656,1707,2852
2973,1656,1662,2477
2974,1656,1660,2477
2975,1657,1678,2387
2976,1657,1658,2387
2977,1657,1658,0
2978,1657,1657,2959
2979,1657,1660,2959
2980,1658,1663,2891
2981,1658,1678,2891
2982,1658,1662,2932
2983,1658,1660,2932
2984,1658,1658,2531
2985,1658,1660,2531
2986,1659,1676,0
2987,1659,1659,2957
2988,1659,1659,2957
2989,1659,1659,2957
2990,1659,1677,2838
2991,1659,1663,2838
2992,1660,1681,2948
2993,1660,1704,2948
2994,1660,1664,2954
2995,1660,1683,2954
2996,1660,1669,2808
2997,1660,1665,2808
2998,1660,1660,0
2999,1660,1661,2989
3000,1660,1660,2989
3001,1660,1673,2926
3002,1660,1664,2926
3003,1660,1661,0
3004,1661,1675,2965
3005,1661,1668,2965
3006,1661,1662,2998
3007,1661,1723,2998
3008,1661,1666,0
3009,1661,1680,2974
3010,1661,1661,2974
3011,1661,1661,2867
3012,1661,1678,2867
3013,1661,1661,3000
3014,1661,1661,3000
3015,1661,1664,2983
3016,1661,1661,2983
3017,1661,1662,2960
3018,1661,1679,2960
3019,1661,1686,2690
3020,1661,1661,2690
3021,1662,1675,2961
3022,1662,1672,2961
3023,1662,1666,2862
3024,1662,1668,2862
3025,1662,1673,2802
3026,1662,1671,2802
3027,1662,1675,2921
3028,1662,1678,2921
3029,1662,1679,2937
3030,1662,1665,2937
3031,1662,1669,3020
3032,1662,1665,3020
3033,1663,1663,3006
3034,1663,1663,3006
3035,1663,1663,2982
3036,1663,1684,2982
3037,1663,1686,2875
3038,1663,1663,2875
3039,1663,1663,2689
3040,1663,1695,2689
3041,1664,1664,2980
3042,1664,1678,2980
3043,1664,1664,0
3044,1664,1668,3039
3045,1664,1677,3039
3046,1664,1664,0
3047,1665,1674,2939
3048,1665,1670,2939
3049,1665,1695,2894
3050,1665,1668,2894
3051,1665,1671,2971
3052,1665,1669,2971
3053,1665,1671,2872
3054,1665,1684,2872
3055,1665,1678,3002
3056,1665,1666,3002
3057,1666,1743,2818
3058,1666,1678,2818
3059,1666,1667,2997
3060,1666,1670,2997
3061,1666,1740,2567
3062,1666,1759,2567
3063,1666,1666,2845
3064,1666,1678,2845
3065,1666,1666,2944
3066,1666,1666,2944
3067,1666,1686,3030
3068,1666,1673,3030
3069,1667,1667,3023
3070,1667,1670,3023
3071,1667,1682,2774
3072,1667,1683,2774
3073,1667,1667,0
3074,1667,1670,3066
3075,1667,1667,3066
3076,1667,1673,2830
3077,1667,1675,2830
3078,1668,1705,2741
3079,1668,1689,2741
3080,1668,1679,2693
3081,1668,1686,2693
3082,1668,1759,0
3083,1669,1669,3024
3084,1669,1671,3024
3085,1669,1674,2779
3086,1669,1674,2779
3087,1669,1682,3050
3088,1669,1669,3050
3089,1669,1669,3044
3090,1669,1671,3044
3091,1669,1669,3044
3092,1670,1691,0
3093,1670,1687,2903
3094,1670,1682,2903
3095,1670,1680,3031
3096,1670,1671,3031
3097,1671,1734,3070
3098,1671,1674,3070
3099,1671,1682,3048
3100,1671,1673,3048
3101,1671,1671,3060
3102,1671,1681,3060
3103,1671,1678,0
3104,1671,1671,0
3105,1672,1697,2967
3106,1672,1697,2967
3107,1672,1679,3053
3108,1672,1672,3053
3109,1672,1689,3026
3110,1672,1695,3026
3111,1672,1678,2943
3112,1672,1677,2943
3113,1672,1672,3096
3114,1672,1687,3096
3115,1672,1680,2725
3116,1672,1678,2725
3117,1672,1677,2806
3118,1672,1677,2806
3119,1673,1687,3022
3120,1673,1694,3022
3121,1673,1673,0
3122,1673,1673,0
3123,1674,1686,0
3124,1674,1674,3025
3125,1674,1701,3025
3126,1674,1674,3068
3127,1674,1687,3068
3128,1674,1677,2667
3129,1674,1678,2667
3130,1675,1676,3098
3131,1675,1696,3098
3132,1675,1707,3047
3133,1675,1679,3047
3134,1675,1678,3086
3135,1675,1675,3086
3136,1675,1678,3086
3137,1675,1688,2848
3138,1675,1677,2848
3139,1676,1701,0
3140,1676,1706,3004
3141,1676,1678,3004
3142,1676,1676,3077
3143,1676,1677,3077
3144,1677,1684,2803
3145,1677,1679,2803
3146,1677,1677,2986
3147,1677,1686,2986
3148,1677,1697,3142
3149,1677,1707,3142
3150,1678,1679,0
3151,1678,1696,3045
3152,1678,1681,3045
3153,1678,1678,3128
3154,1678,1679,3128
3155,1678,1678,3112
3156,1678,1683,3112
3157,1678,1678,3143
3158,1678,1678,3143
3159,1678,1681,3118
3160,1678,1679,3118
3161,1679,1695,2975
3162,1679,1680,2975
3163,1679,1681,0
3164,1679,1685,3134
3165,1679,1689,3134
3166,1679,1679,3042
3167,1679,1679,3042
3168,1679,1698,0
3169,1679,1679,3111
3170,1679,1707,3111
3171,1679,1688,2793
3172,1679,1690,2793
3173,1679,1679,3103
3174,1679,1682,3103
3175,1679,1680,0
3176,1679,1679,0
3177,1679,1683,3129
3178,1679,1683,3129
3179,1679,1693,3157
3180,1679,1702,3157
3181,1680,1681,3133
3182,1680,1688,3133
3183,1680,1702,3145
3184,1680,1711,3145
3185,1680,1686,3167
3186,1680,1713,3167
3187,1680,1682,3107
3188,1680,1682,3107
3189,1680,1721,3080
3190,1680,1696,3080
3191,1680,1680,0
3192,1680,1698,3018
3193,1680,1762,3018
3194,1680,1680,3029
3195,1680,1687,3029
3196,1681,1706,2743
3197,1681,1694,2743
3198,1681,1686,3009
3199,1681,1703,3009
3200,1681,1681,0
3201,1681,1687,2968
3202,1681,1684,2968
3203,1681,1688,3194
3204,1681,1687,3194
3205,1682,1682,2992
3206,1682,1684,2992
3207,1682,1695,3181
3208,1682,1682,3181
3209,1682,1682,3102
3210,1682,1682,3102
3211,1682,1682,3152
3212,1682,1682,3152
3213,1682,1682,3200
3214,1682,1686,3200
3215,1682,1683,2796
3216,1682,1683,2796
3217,1683,1687,2947
3218,1683,1689,2947
3219,1683,1741,3071
3220,1683,1696,3071
3221,1683,1696,0
3222,1683,1695,3187
3223,1683,1689,3187
3224,1683,1683,3211
3225,1683,1687,3211
3226,1683,1686,3209
3227,1683,1686,3209
3228,1683,1685,3188
3229,1683,1683,3188
3230,1683,1686,2925
3231,1683,1687,2925
3232,1683,1692,3174
3233,1683,1683,3174
3234,1684,1701,2995
3235,1684,1706,2995
3236,1684,1689,2585
3237,1684,1685,2585
3238,1684,1684,0
3239,1684,1684,3177
3240,1684,1684,3177
3241,1684,1686,3156
3242,1684,1693,3156
3243,1684,1696,3216
3244,1684,1712,3216
3245,1685,1711,3144
3246,1685,1693,3144
3247,1685,1687,0
3248,1685,1697,3054
3249,1685,1687,3054
3250,1685,1692,3240
3251,1685,1686,3240
3252,1686,1689,2915
3253,1686,1693,2915
3254,1686,1687,3228
3255,1686,1691,3228
3256,1687,1687,0
3257,1687,1688,3185
3258,1687,1707,3185
3259,1687,1687,3226
3260,1687,1687,3226
3261,1687,1706,3230
3262,1687,1694,3230
3263,1687,1703,3147
3264,1687,1698,3147
3265,1687,1703,3019
3266,1687,1698,3019
3267,1687,1708,3067
3268,1687,1690,3067
3269,1687,1687,3251
3270,1687,1687,3251
3271,1687,1694,3241
3272,1687,1687,3241
3273,1687,1688,2501
3274,1687,1688,2501
3275,1688,1701,3119
3276,1688,1688,3119
3277,1688,1690,3254
3278,1688,1714,3254
3279,1688,1695,3259
3280,1688,1694,3259
3281,1688,1688,0
3282,1688,1696,3225
3283,1688,1696,3225
3284,1688,1688,3201
3285,1688,1693,3201
3286,1688,1693,3201
3287,1688,1695,0
3288,1688,1699,3195
3289,1688,1723,3195
3290,1688,1691,3269
3291,1688,1690,3269
3292,1688,1688,3093
3293,1688,1692,3093
3294,1688,1714,3093
3295,1689,1701,0
3296,1689,1704,3281
3297,1689,1696,3281
3298,1689,1693,3171
3299,1689,1699,3171
3300,1689,1694,3137
3301,1689,1702,3137
3302,1689,1716,3274
3303,1689,1720,3274
3304,1690,1701,3218
3305,1690,1690,3218
3306,1690,1691,0
3307,1690,1729,3079
3308,1690,1690,3079
3309,1690,1690,3236
3310,1690,1690,3236
3311,1690,1707,3165
3312,1690,1713,3165
3313,1690,1697,3223
3314,1690,1690,3223
3315,1690,1690,2946
3316,1690,1709,2946
3317,1691,1693,0
3318,1691,1759,3309
3319,1691,1707,3309
3320,1691,1698,3314
3321,1691,1693,3314
3322,1691,1703,3268
3323,1691,1691,3268
3324,1691,1691,3172
3325,1691,1697,3172
3326,1692,1697,3255
3327,1692,1694,3255
3328,1692,1714,0
3329,1693,1693,2962
3330,1693,1702,2962
3331,1693,1697,3250
3332,1693,1697,3250
3333,1693,1696,3293
3334,1693,1698,3293
3335,1693,1699,2739
3336,1693,1699,2739
3337,1694,1694,3317
3338,1694,1695,3317
3339,1694,1696,3246
3340,1694,1704,3246
3341,1694,1695,3298
3342,1694,1694,3298
3343,1694,1694,0
3344,1694,1700,3286
3345,1694,1702,3286
3346,1694,1694,0
3347,1695,1710,3337
3348,1695,1713,3337
3349,1695,1696,0
3350,1695,1703,3262
3351,1695,1700,3262
3352,1695,1697,2866
3353,1695,1695,2866
3354,1695,1697,3327
3355,1695,1705,3327
3356,1695,1699,0
3357,1695,1699,0
3358,1695,1696,3300
3359,1695,1701,3300
3360,1696,1737,0
3361,1696,1697,0
3362,1696,1721,3161
3363,1696,1710,3161
3364,1696,1733,2538
3365,1696,1702,2538
3366,1696,1696,3279
3367,1696,1712,3279
3368,1696,1699,0
3369,1696,1716,3222
3370,1696,1701,3222
3371,1696,1712,3110
3372,1696,1732,3110
3373,1696,1699,3049
3374,1696,1699,3049
3375,1697,1702,0
3376,1697,1746,3131
3377,1697,1697,3131
3378,1697,1709,3220
3379,1697,1698,3220
3380,1697,1705,3221
3381,1697,1705,3221
3382,1697,1714,2677
3383,1697,1762,2677
3384,1697,1700,3282
3385,1697,1718,3282
3386,1697,1698,3333
3387,1697,1702,3333
3388,1697,1708,3243
3389,1697,1709,3243
3390,1698,1717,3106
3391,1698,1718,3106
3392,1698,1702,3313
3393,1698,1714,3313
3394,1698,1699,3354
3395,1698,1698,3354
3396,1698,1706,3248
3397,1698,1714,3248
3398,1698,1699,3325
3399,1698,1701,3325
3400,1698,1702,3331
3401,1698,1701,3331
3402,1699,1706,3320
3403,1699,1706,3320
3404,1699,1700,0
3405,1699,1762,3192
3406,1699,1738,3192
3407,1699,1700,3266
3408,1699,1712,3266
3409,1699,1702,3168
3410,1699,1702,3168
3411,1700,1700,2905
3412,1700,1710,2905
3413,1700,1715,0
3414,1700,1703,3299
3415,1700,1702,3299
3416,1700,1723,3373
3417,1700,1710,3373
3418,1700,1702,3357
3419,1700,1705,3357
3420,1700,1712,3288
3421,1700,1707,3288
3422,1700,1700,3335
3423,1700,1711,3335
3424,1701,1715,0
3425,1701,1708,3384
3426,1701,1702,3384
3427,1701,1703,3344
3428,1701,1707,3344
3429,1701,1701,3344
3430,1702,1709,3139
3431,1702,1709,3139
3432,1702,1710,3295
3433,1702,1740,3295
3434,1702,1711,3234
3435,1702,1703,3234
3436,1702,1707,3370
3437,1702,1707,3370
3438,1702,1713,3125
3439,1702,1719,3125
3440,1702,1702,3399
3441,1702,1719,3399
3442,1703,1758,3330
3443,1703,1706,3330
3444,1703,1703,3183
3445,1703,1728,3183
3446,1703,1742,3365
3447,1703,1709,3365
3448,1703,1704,0
3449,1703,1706,3392
3450,1703,1705,3392
3451,1703,1704,3301
3452,1703,1703,3301
3453,1703,1703,3409
3454,1703,1712,3409
3455,1703,1713,3410
3456,1703,1706,3410
3457,1703,1706,3180
3458,1703,1706,3180
3459,1704,1704,3199
3460,1704,1704,3199
3461,1704,1720,3265
3462,1704,1717,3265
3463,1704,1705,3427
3464,1704,1705,3427
3465,1704,1706,3263
3466,1704,1707,3263
3467,1704,1712,3452
3468,1704,1704,3452
3469,1704,1704,0
3470,1704,1704,3453
3471,1704,1709,3453
3472,1705,1708,2993
3473,1705,1708,2993
3474,1705,1705,0
3475,1705,1744,3340
3476,1705,1716,3340
3477,1705,1719,3459
3478,1705,1706,3459
3479,1705,1710,3296
3480,1705,1708,3296
3481,1706,1734,0
3482,1706,1706,3078
3483,1706,1707,3078
3484,1706,1708,3380
3485,1706,1707,3380
3486,1706,1708,3450
3487,1706,1738,3450
3488,1706,1707,3463
3489,1706,1708,3463
3490,1706,1727,3419
3491,1706,1706,3419
3492,1706,1706,2807
3493,1706,1717,2807
3494,1707,1709,3196
3495,1707,1710,3196
3496,1707,1728,3235
3497,1707,1750,3235
3498,1707,1707,3402
3499,1707,1711,3402
3500,1707,1729,3140
3501,1707,1717,3140
3502,1707,1721,3403
3503,1707,1714,3403
3504,1707,1714,3261
3505,1707,1756,3261
3506,1707,1707,3465
3507,1707,1708,3465
3508,1707,1707,3456
3509,1707,1712,3456
3510,1707,1721,3458
3511,1707,1713,3458
3512,1708,1718,3483
3513,1708,1708,3483
3514,1708,1721,0
3515,1708,1720,3311
3516,1708,1720,3311
3517,1708,1718,3258
3518,1708,1720,3258
3519,1708,1752,3319
3520,1708,1730,3319
3521,1708,1709,3436
3522,1708,1709,3436
3523,1708,1708,3506
3524,1708,1712,3506
3525,1708,1709,3170
3526,1708,1708,3170
3527,1708,1718,0
3528,1708,1711,3488
3529,1708,1711,3488
3530,1708,1709,3149
3531,1708,1712,3149
3532,1708,1721,0
3533,1709,1713,3473
3534,1709,1709,3473
3535,1709,1715,0
3536,1709,1718,3523
3537,1709,1709,3523
3538,1709,1715,0
3539,1709,1715,3489
3540,1709,1711,3489
3541,1709,1711,3267
3542,1709,1709,3267
3543,1709,1721,3388
3544,1709,1716,3388
3545,1710,1722,3431
3546,1710,1714,3431
3547,1710,1758,1831
3548,1710,1713,1831
3549,1710,1720,0
3550,1710,1711,3522
3551,1710,1711,3522
3552,1710,1736,3316
3553,1710,1711,3316
3554,1710,1713,0
3555,1710,1725,3530
3556,1710,1713,3530
3557,1710,1720,2303
3558,1710,1718,2303
3559,1711,1738,3432
3560,1711,1747,3432
3561,1711,1752,3363
3562,1711,1722,3363
3563,1711,1714,3412
3564,1711,1711,3412
3565,1711,1728,3495
3566,1711,1736,3495
3567,1711,1718,0
3568,1711,1711,0
3569,1711,1711,3417
3570,1711,1713,3417
3571,1711,1711,0
3572,1712,1712,3245
3573,1712,1715,3245
3574,1712,1729,3499
3575,1712,1718,3499
3576,1712,1721,3551
3577,1712,1719,3551
3578,1712,1734,3568
3579,1712,1717,3568
3580,1712,1712,3540
3581,1712,1712,3540
3582,1712,1712,3540
3583,1712,1712,3423
3584,1712,1721,3423
3585,1713,1713,0
3586,1713,1722,3371
3587,1713,1715,3371
3588,1713,1714,3524
3589,1713,1724,3524
3590,1713,1716,3367
3591,1713,1717,3367
3592,1713,1715,3408
3593,1713,1717,3408
3594,1713,1714,3580
3595,1713,1719,3580
3596,1713,1727,3454
3597,1713,1735,3454
3598,1713,1714,3582
3599,1713,1718,3582
3600,1713,1713,3531
3601,1713,1716,3531
3602,1714,1750,0
3603,1714,1725,3533
3604,1714,1714,3533
3605,1714,1728,3312
3606,1714,1759,3312
3607,1714,1719,3556
3608,1714,1763,3556
3609,1714,1714,3455
3610,1714,1734,3455
3611,1714,1721,3600
3612,1714,1715,3600
3613,1714,1715,0
3614,1715,1748,3546
3615,1715,1748,3546
3616,1715,1721,3563
3617,1715,1718,3563
3618,1715,1718,3278
3619,1715,1717,3278
3620,1715,1715,3393
3621,1715,1715,3393
3622,1715,1725,3588
3623,1715,1715,3588
3624,1715,1741,3382
3625,1715,1720,3382
3626,1715,1719,3397
3627,1715,1716,3397
3628,1715,1715,3598
3629,1715,1719,3598
3630,1715,1716,3609
3631,1715,1733,3609
3632,1715,1715,3294
3633,1715,1715,3294
3634,1716,1716,3573
3635,1716,1724,3573
3636,1716,1730,0
3637,1716,1716,3623
3638,1716,1725,3623
3639,1716,1716,3413
3640,1716,1734,3413
3641,1716,1718,3592
3642,1716,1723,3592
3643,1716,1731,3539
3644,1716,1717,3539
3645,1716,1717,3633
3646,1716,1717,3633
3647,1716,1717,3612
3648,1716,1720,3612
3649,1717,1725,3369
3650,1717,1727,3369
3651,1717,1722,3476
3652,1717,1719,3476
3653,1717,1720,0
3654,1717,1744,3590
3655,1717,1718,3590
3656,1717,1718,3601
3657,1717,1717,3601
3658,1717,1723,3544
3659,1717,1717,3544
3660,1718,1724,3390
3661,1718,1737,3390
3662,1718,1720,3501
3663,1718,1718,3501
3664,1718,1720,3579
3665,1718,1718,3579
3666,1718,1747,3645
3667,1718,1722,3645
3668,1718,1718,3493
3669,1718,1718,3493
3670,1718,1719,3593
3671,1718,1719,3593
3672,1718,1720,0
3673,1718,1738,3647
3674,1718,1718,3647
3675,1719,1719,3391
3676,1719,1728,3391
3677,1719,1732,3512
3678,1719,1734,3512
3679,1719,1723,3567
3680,1719,1720,3567
3681,1719,1726,3517
3682,1719,1731,3517
3683,1719,1731,3575
3684,1719,1720,3575
3685,1719,1719,3663
3686,1719,1720,3663
3687,1719,1760,3536
3688,1719,1725,3536
3689,1719,1719,3668
3690,1719,1732,3668
3691,1719,1719,3527
3692,1719,1721,3527
3693,1719,1725,3558
3694,1719,1720,3558
3695,1719,1722,3669
3696,1719,1720,3669
3697,1719,1724,0
3698,1720,1723,3685
3699,1720,1735,3685
3700,1720,1720,0
3701,1720,1721,3477
3702,1720,1721,3477
3703,1720,1730,3439
3704,1720,1733,3439
3705,1720,1722,3670
3706,1720,1721,3670
3707,1720,1730,3629
3708,1720,1720,3629
3709,1720,1721,3626
3710,1720,1721,3626
3711,1720,1723,3441
3712,1720,1723,3441
3713,1721,1743,3515
3714,1721,1728,3515
3715,1721,1728,3516
3716,1721,1757,3516
3717,1721,1743,3662
3718,1721,1722,3662
3719,1721,1722,3684
3720,1721,1721,3684
3721,1721,1725,3684
3722,1721,1733,3518
3723,1721,1721,3518
3724,1721,1721,3664
3725,1721,1721,3664
3726,1721,1724,3625
3727,1721,1723,3625
3728,1721,1737,3694
3729,1721,1738,3694
3730,1721,1722,3303
3731,1721,1759,3303
3732,1722,1723,3616
3733,1722,1730,3616
3734,1722,1732,3502
3735,1722,1736,3502
3736,1722,1722,3514
3737,1722,1735,3514
3738,1722,1727,3723
3739,1722,1744,3723
3740,1722,1733,3702
3741,1722,1722,3702
3742,1722,1725,3189
3743,1722,1726,3189
3744,1722,1723,0
3745,1722,1752,3611
3746,1722,1733,3611
3747,1722,1744,3710
3748,1722,1740,3710
3749,1722,1732,3510
3750,1722,1730,3510
3751,1722,1725,0
3752,1723,1736,3545
3753,1723,1743,3545
3754,1723,1725,3651
3755,1723,1723,3651
3756,1723,1732,3718
3757,1723,1740,3718
3758,1723,1733,3705
3759,1723,1740,3705
3760,1723,1732,3705
3761,1723,1725,3695
3762,1723,1723,3695
3763,1723,1728,3667
3764,1723,1725,3667
3765,1724,1724,3732
3766,1724,1731,3732
3767,1724,1727,3755
3768,1724,1724,3755
3769,1724,1727,3727
3770,1724,1759,3727
3771,1724,1724,3642
3772,1724,1728,3642
3773,1724,1724,3744
3774,1724,1731,3744
3775,1724,1727,3711
3776,1724,1727,3711
3777,1724,1724,3416
3778,1724,1729,3416
3779,1724,1724,3007
3780,1724,1740,3007
3781,1724,1728,3658
3782,1724,1759,3658
3783,1725,1725,3660
3784,1725,1729,3660
3785,1725,1732,3635
3786,1725,1727,3635
3787,1725,1729,3589
3788,1725,1732,3589
3789,1725,1725,3773
3790,1725,1734,3773
3791,1725,1732,3697
3792,1725,1741,3697
3793,1726,1758,0
3794,1726,1730,3754
3795,1726,1726,3754
3796,1726,1729,3638
3797,1726,1733,3638
3798,1726,1728,3555
3799,1726,1748,3555
3800,1726,1727,3761
3801,1726,1726,3761
3802,1726,1752,0
3803,1726,1728,3693
3804,1726,1752,3693
3805,1726,1763,3751
3806,1726,1735,3751
3807,1727,1727,3681
3808,1727,1731,3681
3809,1727,1748,3743
3810,1727,1748,3743
3811,1728,1731,0
3812,1728,1729,0
3813,1728,1733,3767
3814,1728,1728,3767
3815,1728,1731,3800
3816,1728,1749,3800
3817,1728,1743,3776
3818,1728,1751,3776
3819,1728,1735,3596
3820,1728,1748,3596
3821,1729,1731,3496
3822,1729,1733,3496
3823,1729,1752,3676
3824,1729,1739,3676
3825,1729,1730,3445
3826,1729,1735,3445
3827,1729,1729,3605
3828,1729,1730,3605
3829,1729,1733,3715
3830,1729,1759,3715
3831,1729,1732,3763
3832,1729,1729,3763
3833,1729,1732,3803
3834,1729,1729,3803
3835,1729,1756,3781
3836,1729,1747,3781
3837,1730,1730,3500
3838,1730,1735,3500
3839,1730,1733,0
3840,1730,1730,3574
3841,1730,1730,3574
3842,1730,1763,3787
3843,1730,1759,3787
3844,1730,1735,0
3845,1730,1732,3834
3846,1730,1732,3834
3847,1731,1733,3733
3848,1731,1731,3733
3849,1731,1733,3636
3850,1731,1733,3636
3851,1731,1734,3837
3852,1731,1732,3837
3853,1731,1731,3841
3854,1731,1731,3841
3855,1731,1731,3828
3856,1731,1733,3828
3857,1731,1734,3794
3858,1731,1731,3794
3859,1731,1732,3703
3860,1731,1732,3703
3861,1731,1735,3750
3862,1731,1732,3750
3863,1732,1755,3821
3864,1732,1733,3821
3865,1732,1743,3808
3866,1732,1732,3808
3867,1732,1762,3683
3868,1732,1739,3683
3869,1732,1735,3811
3870,1732,1735,3811
3871,1732,1735,3815
3872,1732,1734,3815
3873,1732,1739,3774
3874,1732,1732,3774
3875,1733,1750,0
3876,1733,1733,3677
3877,1733,1743,3677
3878,1733,1734,3852
3879,1733,1735,3852
3880,1733,1738,3785
3881,1733,1733,3785
3882,1733,1734,3734
3883,1733,1733,3734
3884,1733,1733,3372
3885,1733,1750,3372
3886,1733,1739,0
3887,1733,1734,3859
3888,1733,1735,3859
3889,1733,1733,3788
3890,1733,1733,3788
3891,1733,1739,3860
3892,1733,1738,3860
3893,1733,1738,3788
3894,1733,1733,0
3895,1733,1740,3791
3896,1733,1752,3791
3897,1734,1743,3864
3898,1734,1750,3864
3899,1734,1736,3847
3900,1734,1735,3847
3901,1734,1738,3849
3902,1734,1735,3849
3903,1734,1738,3876
3904,1734,1763,3876
3905,1734,1735,0
3906,1734,1746,3364
3907,1734,1746,3364
3908,1734,1737,3856
3909,1734,1763,3856
3910,1734,1742,3722
3911,1734,1734,3722
3912,1734,1734,3758
3913,1734,1739,3758
3914,1734,1754,3631
3915,1734,1734,3631
3916,1734,1734,3889
3917,1734,1763,3889
3918,1734,1734,3704
3919,1734,1740,3704
3920,1734,1763,3746
3921,1734,1737,3746
3922,1734,1762,0
3923,1735,1738,0
3924,1735,1739,3678
3925,1735,1745,3678
3926,1735,1737,3851
3927,1735,1741,3851
3928,1735,1759,3857
3929,1735,1736,3857
3930,1735,1741,3887
3931,1735,1740,3887
3932,1735,1751,3916
3933,1735,1735,3916
3934,1735,1759,3578
3935,1735,1739,3578
3936,1735,1745,3610
3937,1735,1735,3610
3938,1735,1759,3790
3939,1735,1749,3790
3940,1736,1743,3900
3941,1736,1736,3900
3942,1736,1744,0
3943,1736,1738,0
3944,1736,1759,3879
3945,1736,1741,3879
3946,1736,1738,3826
3947,1736,1741,3826
3948,1736,1756,3870
3949,1736,1763,3870
3950,1736,1740,3888
3951,1736,1740,3888
3952,1736,1741,3871
3953,1736,1738,3871
3954,1736,1763,3737
3955,1736,1763,3737
3956,1736,1736,3844
3957,1736,1736,3844
3958,1736,1736,3861
3959,1736,1763,3861
3960,1736,1739,3597
3961,1736,1739,3597
3962,1737,1744,0
3963,1737,1756,3566
3964,1737,1759,3566
3965,1737,1738,3735
3966,1737,1739,3735
3967,1737,1755,0
3968,1737,1759,0
3969,1738,1741,0
3970,1738,1748,3926
3971,1738,1740,3926
3972,1738,1740,3908
3973,1738,1738,3908
3974,1738,1747,3921
3975,1738,1740,3921
3976,1738,1763,3728
3977,1738,1752,3728
3978,1739,1754,3923
3979,1739,1749,3923
3980,1739,1740,3880
3981,1739,1743,3880
3982,1739,1743,3943
3983,1739,1748,3943
3984,1739,1748,3406
3985,1739,1746,3406
3986,1739,1740,3487
3987,1739,1751,3487
3988,1739,1760,3893
3989,1739,1759,3893
3990,1739,1741,3892
3991,1739,1740,3892
3992,1739,1741,0
3993,1740,1743,3824
3994,1740,1759,3824
3995,1740,1746,3924
3996,1740,1743,3924
3997,1740,1740,3868
3998,1740,1743,3868
3999,1740,1740,3886
4000,1740,1740,3886
4001,1740,1740,3913
4002,1740,1740,3913
4003,1740,1740,0
4004,1740,1749,3960
4005,1740,1758,3960
4006,1740,1753,0
4007,1741,1752,3433
4008,1741,1758,3433
4009,1741,1741,3971
4010,1741,1743,3971
4011,1741,1743,0
4012,1741,1741,3997
4013,1741,1751,3997
4014,1741,1750,3972
4015,1741,1741,3972
4016,1741,1747,3748
4017,1741,1751,3748
4018,1741,1741,4001
4019,1741,1741,4001
4020,1741,1743,4000
4021,1741,1744,4000
4022,1741,1746,3951
4023,1741,1749,3951
4024,1741,1748,3986
4025,1741,1743,3986
4026,1741,1741,3975
4027,1741,1758,3975
4028,1741,1741,3780
4029,1741,1747,3780
4030,1742,1756,0
4031,1742,1750,0
4032,1742,1743,0
4033,1742,1746,3219
4034,1742,1745,3219
4035,1742,1743,4012
4036,1742,1750,4012
4037,1742,1752,3927
4038,1742,1759,3927
4039,1742,1761,0
4040,1742,1752,0
4041,1742,1744,3952
4042,1742,1746,3952
4043,1742,1743,3990
4044,1742,1749,3990
4045,1742,1753,4026
4046,1742,1754,4026
4047,1743,1754,3446
4048,1743,1759,3446
4049,1744,1752,3753
4050,1744,1750,3753
4051,1744,1752,3993
4052,1744,1744,3993
4053,1744,1761,0
4054,1744,1744,0
4055,1744,1745,0
4056,1744,1754,3057
4057,1744,1754,3057
4058,1744,1748,3865
4059,1744,1746,3865
4060,1744,1763,4035
4061,1744,1763,4035
4062,1744,1744,4011
4063,1744,1744,4011
4064,1744,1745,4010
4065,1744,1746,4010
4066,1744,1749,3817
4067,1744,1763,3817
4068,1745,1763,3962
4069,1745,1751,3962
4070,1745,1748,0
4071,1745,1753,0
4072,1745,1755,3475
4073,1745,1759,3475
4074,1745,1745,4063
4075,1745,1749,4063
4076,1745,1747,3739
4077,1745,1749,3739
4078,1745,1752,0
4079,1745,1751,4041
4080,1745,1763,4041
4081,1745,1756,4021
4082,1745,1748,4021
4083,1746,1747,0
4084,1746,1748,3936
4085,1746,1748,3936
4086,1747,1759,3376
4087,1747,1763,3376
4088,1747,1755,3907
4089,1747,1763,3907
4090,1747,1753,3995
4091,1747,1750,3995
4092,1747,1747,4065
4093,1747,1750,4065
4094,1747,1757,3985
4095,1747,1763,3985
4096,1747,1763,4042
4097,1747,1758,4042
4098,1748,1754,0
4099,1748,1750,0
4100,1748,1749,0
4101,1748,1754,4083
4102,1748,1763,4083
4103,1748,1751,4076
4104,1748,1752,4076
4105,1748,1759,3666
4106,1748,1749,3666
4107,1748,1763,3974
4108,1748,1757,3974
4109,1748,1748,4029
4110,1748,1763,4029
4111,1749,1752,3615
4112,1749,1757,3615
4113,1749,1762,4070
4114,1749,1763,4070
4115,1749,1755,3970
4116,1749,1750,3970
4117,1749,1750,4024
4118,1749,1749,4024
4119,1749,1751,4082
4120,1749,1753,4082
4121,1749,1757,4084
4122,1749,1751,4084
4123,1749,1763,3810
4124,1749,1756,3810
4125,1749,1758,4085
4126,1749,1757,4085
4127,1750,1763,0
4128,1750,1760,0
4129,1750,1750,4023
4130,1750,1750,4023
4131,1750,1760,3816
4132,1750,1759,3816
4133,1750,1763,4106
4134,1750,1763,4106
4135,1750,1750,4066
4136,1750,1751,4066
4137,1750,1751,4004
4138,1750,1763,4004
4139,1751,1763,0
4140,1751,1751,4050
4141,1751,1753,4050
4142,1751,1761,4014
4143,1751,1751,4014
4144,1751,1763,4099
4145,1751,1751,4099
4146,1751,1754,4036
4147,1751,1751,4036
4148,1751,1751,3885
4149,1751,1752,3885
4150,1751,1752,4093
4151,1751,1753,4093
4152,1751,1763,3875
4153,1751,1754,3875
4154,1751,1763,4129
4155,1751,1751,4129
4156,1751,1753,4135
4157,1751,1753,4135
4158,1752,1758,4140
4159,1752,1752,4140
4160,1752,1752,0
4161,1752,1752,0
4162,1752,1753,4143
4163,1752,1755,4143
4164,1752,1762,3932
4165,1752,1759,3932
4166,1752,1752,4013
4167,1752,1757,4013
4168,1752,1753,4017
4169,1752,1763,4017
4170,1752,1753,4119
4171,1752,1759,4119
4172,1752,1763,4122
4173,1752,1754,4122
4174,1752,1759,4136
4175,1752,1754,4136
4176,1753,1757,4111
4177,1753,1756,4111
4178,1753,1758,3561
4179,1753,1763,3561
4180,1753,1759,4049
4181,1753,1753,4049
4182,1753,1761,4051
4183,1753,1761,4051
4184,1753,1761,4150
4185,1753,1758,4150
4186,1753,1753,4149
4187,1753,1757,4149
4188,1753,1760,4104
4189,1753,1760,4104
4190,1753,1753,4166
4191,1753,1763,4166
4192,1753,1759,4040
4193,1753,1759,4040
4194,1753,1756,3745
4195,1753,1757,3745
4196,1753,1755,3896
4197,1753,1759,3896
4198,1754,1763,4141
4199,1754,1763,4141
4200,1754,1759,0
4201,1754,1763,4090
4202,1754,1763,4090
4203,1754,1755,4151
4204,1754,1757,4151
4205,1754,1754,4170
4206,1754,1754,4170
4207,1754,1763,4168
4208,1754,1755,4168
4209,1754,1755,4156
4210,1754,1759,4156
4211,1754,1756,0
4212,1755,1758,3978
4213,1755,1759,3978
4214,1755,1757,4056
4215,1755,1755,4056
4216,1755,1763,4101
4217,1755,1758,4101
4218,1755,1762,4206
4219,1755,1763,4206
4220,1755,1757,3914
4221,1755,1757,3914
4222,1755,1762,4175
4223,1755,1759,4175
4224,1755,1760,4046
4225,1755,1763,4046
4226,1756,1763,3863
4227,1756,1763,3863
4228,1756,1759,4072
4229,1756,1763,4072
4230,1756,1759,4163
4231,1756,1757,4163
4232,1756,1757,4115
4233,1756,1760,4115
4234,1756,1756,3967
4235,1756,1756,3967
4236,1756,1763,4203
4237,1756,1758,4203
4238,1756,1756,4196
4239,1756,1757,4196
4240,1757,1757,0
4241,1757,1758,0
4242,1757,1759,0
4243,1757,1758,4234
4244,1757,1758,4234
4245,1757,1757,4081
4246,1757,1757,4081
4247,1757,1759,3948
4248,1757,1763,3948
4249,1757,1757,4124
4250,1757,1757,4124
4251,1757,1757,3835
4252,1757,1763,3835
4253,1758,1763,0
4254,1758,1763,4176
4255,1758,1763,4176
4256,1758,1760,4112
4257,1758,1763,4112
4258,1758,1758,4214
4259,1758,1758,4214
4260,1758,1759,4232
4261,1758,1760,4232
4262,1758,1762,3716
4263,1758,1759,3716
4264,1758,1761,4187
4265,1758,1763,4187
4266,1758,1759,4245
4267,1758,1759,4245
4268,1758,1758,4167
4269,1758,1763,4167
4270,1758,1759,4220
4271,1758,1760,4220
4272,1758,1763,4220
4273,1758,1760,4108
4274,1758,1760,4108
4275,1758,1758,4249
4276,1758,1758,4249
4277,1758,1763,4195
4278,1758,1760,4195
4279,1759,1763,3442
4280,1759,1763,3442
4281,1759,1763,4241
4282,1759,1763,4241
4283,1759,1760,4008
4284,1759,1760,4008
4285,1759,1761,4158
4286,1759,1763,4158
4287,1759,1759,4258
4288,1759,1759,4258
4289,1759,1762,4243
4290,1759,1763,4243
4291,1759,1759,4217
4292,1759,1759,4217
4293,1759,1762,4125
4294,1759,1759,4125
4295,1759,1762,4275
4296,1759,1760,4275
4297,1759,1761,4027
4298,1759,1763,4027
4299,1760,1763,0
4300,1760,1763,0
4301,1760,1761,0
4302,1760,1763,0
4303,1760,1763,0
4304,1760,1763,0
4305,1760,1763,0
4306,1760,1760,0
4307,1760,1763,0
4308,1760,1763,3994
4309,1760,1763,3994
4310,1760,1762,0
4311,1760,1763,0
4312,1760,1763,3062
4313,1760,1760,3062
4314,1760,1760,4242
4315,1760,1763,4242
4316,1760,1763,0
4317,1760,1763,4287
4318,1760,1760,4287
4319,1760,1763,3928
4320,1760,1762,3928
4321,1760,1763,0
4322,1760,1763,0
4323,1760,1763,3082
4324,1760,1762,3082
4325,1760,1763,0
4326,1760,1763,4038
4327,1760,1763,4038
4328,1760,1763,0
4329,1760,1762,3830
4330,1760,1763,3830
4331,1760,1763,0
4332,1760,1763,0
4333,1760,1762,4267
4334,1760,1763,4267
4335,1760,1763,4165
4336,1760,1763,4165
4337,1760,1762,4270
4338,1760,1760,4270
4339,1760,1762,4193
4340,1760,1763,4193
4341,1760,1763,4223
4342,1760,1763,4223
4343,1760,1763,4210
4344,1760,1763,4210
4345,1760,1763,4105
4346,1760,1763,4105
4347,1760,1763,3968
4348,1760,1763,3968
4349,1760,1760,4197
4350,1760,1763,4197
4351,1761,1762,4256
4352,1761,1761,4256
4353,1761,1763,4284
4354,1761,1763,4284
4355,1761,1761,0
4356,1761,1763,4314
4357,1761,1763,4314
4358,1761,1763,0
4359,1761,1763,4188
4360,1761,1763,4188
4361,1761,1762,4233
4362,1761,1762,4233
4363,1761,1763,4128
4364,1761,1762,4128
4365,1761,1763,4131
4366,1761,1762,4131
4367,1761,1761,3687
4368,1761,1763,3687
4369,1761,1763,0
4370,1761,1763,4273
4371,1761,1763,4273
4372,1761,1763,4274
4373,1761,1763,4274
4374,1761,1762,0
4375,1762,1762,0
4376,1762,1763,4301
4377,1762,1763,4301
4378,1762,1763,4183
4379,1762,1763,4183
4380,1762,1762,0
4381,1762,1763,4142
4382,1762,1763,4142
4383,1762,1763,0
4384,1762,1763,4184
4385,1762,1762,4184
4386,1762,1762,0
4387,1763,1763,4375
4388,1763,1763,4375
4389,1763,1763,0
4390,1763,1763,0
4391,1763,1763,4320
4392,1763,1763,4320
4393,1763,1763,4320
4394,1763,1763,4385
4395,1763,1763,4385
4396,1763,1763,4289
4397,1763,1763,4289
4398,1763,1763,4361
4399,1763,1763,4361
4400,1763,1763,4164
4401,1763,1763,4164
4402,1763,1763,4329
4403,1763,1763,4329
4404,1763,1763,0
4405,1763,1763,4218
4406,1763,1763,4218
4407,1763,1763,3383
4408,1763,1763,3383
4409,1763,1763,4337
4410,1763,1763,4337
4411,1763,1763,3405
4412,1763,1763,3405
4413,1763,1763,4366
4414,1763,1763,4366
4415,1763,1763,4293
4416,1763,1763,4293
4417,1763,1763,0
4418,1763,1763,0
